table_source;colonne_source;type_source;decision_table;table_cible;colonne_cible;decision_colonne;regle_migration;raison_detaillee;impact_fonctionnel;prerequis_controle;niveau_confiance;classification_audit_initiale;recommandation_audit_initiale;source_decision
utilisateur_app;id;BIGINT;RENOMMER_ET_SIMPLIFIER;administrateur;id;RENOMMER_TABLE;Insérer id dans administrateur.id.;Donnée utile à la gestion des administrateurs.;Aucun impact écran si le mapping applicatif est adapté.;Valider en recette fonctionnelle.;ÉLEVÉE;Utilisée ou nécessaire à une table utilisée;Conserver;Code Symfony + create_copy.sql + captures SSMS + mail/cahier de besoins
utilisateur_app;login_utilisateur;NVARCHAR(150);RENOMMER_ET_SIMPLIFIER;administrateur;identifiant;RENOMMER;Copier et normaliser en minuscules si le SI l’impose.;"Nom plus clair ; correspond au login SSO.";Aucun impact écran si le mapping applicatif est adapté.;Valider en recette fonctionnelle.;ÉLEVÉE;Utilisée ou nécessaire à une table utilisée;Conserver;Code Symfony + create_copy.sql + captures SSMS + mail/cahier de besoins
utilisateur_app;nom;NVARCHAR(150);RENOMMER_ET_SIMPLIFIER;administrateur;nom;RENOMMER_TABLE;Insérer nom dans administrateur.nom.;Donnée utile à la gestion des administrateurs.;Aucun impact écran si le mapping applicatif est adapté.;Valider en recette fonctionnelle.;ÉLEVÉE;Utilisée ou nécessaire à une table utilisée;Conserver;Code Symfony + create_copy.sql + captures SSMS + mail/cahier de besoins
utilisateur_app;prenom;NVARCHAR(150);RENOMMER_ET_SIMPLIFIER;administrateur;prenom;RENOMMER_TABLE;Insérer prenom dans administrateur.prenom.;Donnée utile à la gestion des administrateurs.;Aucun impact écran si le mapping applicatif est adapté.;Valider en recette fonctionnelle.;ÉLEVÉE;Utilisée ou nécessaire à une table utilisée;Conserver;Code Symfony + create_copy.sql + captures SSMS + mail/cahier de besoins
utilisateur_app;email;NVARCHAR(255);RENOMMER_ET_SIMPLIFIER;administrateur;email;RENOMMER_TABLE;Insérer email dans administrateur.email.;Donnée utile à la gestion des administrateurs.;Aucun impact écran si le mapping applicatif est adapté.;Valider en recette fonctionnelle.;ÉLEVÉE;Utilisée ou nécessaire à une table utilisée;Conserver;Code Symfony + create_copy.sql + captures SSMS + mail/cahier de besoins
utilisateur_app;actif;BIT;RENOMMER_ET_SIMPLIFIER;administrateur;est_actif;RENOMMER;Conversion BIT directe.;Convention booléenne explicite.;Aucun impact écran si le mapping applicatif est adapté.;Valider en recette fonctionnelle.;ÉLEVÉE;Utilisée ou nécessaire à une table utilisée;Conserver;Code Symfony + create_copy.sql + captures SSMS + mail/cahier de besoins
utilisateur_app;date_creation;DATETIME2(0);RENOMMER_ET_SIMPLIFIER;administrateur;cree_le;RENOMMER;Copie directe.;Convention d’audit homogène.;Aucun impact écran si le mapping applicatif est adapté.;Valider en recette fonctionnelle.;ÉLEVÉE;Utilisée ou nécessaire à une table utilisée;Conserver;Code Symfony + create_copy.sql + captures SSMS + mail/cahier de besoins
utilisateur_app;date_modification;DATETIME2(0);RENOMMER_ET_SIMPLIFIER;administrateur;modifie_le;RENOMMER;Copie directe.;Convention d’audit homogène.;Aucun impact écran si le mapping applicatif est adapté.;Valider en recette fonctionnelle.;ÉLEVÉE;Utilisée ou nécessaire à une table utilisée;Conserver;Code Symfony + create_copy.sql + captures SSMS + mail/cahier de besoins
ListeCR;Id;BIGINT;REDUIRE_ET_RENOMMER;caisse_regionale;id;RENOMMER;Conserver l’identifiant ou reconstruire une table de correspondance.;Clé technique normalisée.;Aucun impact écran si le mapping applicatif est adapté.;Valider en recette fonctionnelle.;ÉLEVÉE;Utilisée ou nécessaire à une table utilisée;Conserver;Code Symfony + create_copy.sql + captures SSMS + mail/cahier de besoins
ListeCR;CodeCR;NVARCHAR(50);REDUIRE_ET_RENOMMER;caisse_regionale;code;RENOMMER;Nettoyer, dédoublonner et imposer une unicité.;Code métier principal du référentiel.;Aucun impact écran si le mapping applicatif est adapté.;Valider en recette fonctionnelle.;ÉLEVÉE;Aucun usage métier confirmé;Candidate à suppression après validation fonctionnelle;Code Symfony + create_copy.sql + captures SSMS + mail/cahier de besoins
ListeCR;CodeAdherent;NVARCHAR(100);REDUIRE_ET_RENOMMER;archive_migration;liste_cr_codeadherent;ARCHIVER_PUIS_SUPPRIMER;"Exporter la valeur dans une table/fichier d’archive ; ne pas charger dans le schéma opérationnel V2.";Attribut hérité non nécessaire aux écrans confirmés et source de colonnes souvent vides.;"Aucun impact sur les écrans PICUP validés ; impact possible pour un consommateur externe.";Confirmer absence d’usage API, BI, scripts ou exports externes.;MOYENNE;Aucun usage métier confirmé;Candidate à suppression après validation fonctionnelle;Code Symfony + create_copy.sql + captures SSMS + mail/cahier de besoins
ListeCR;CaisseRegional;NVARCHAR(255);REDUIRE_ET_RENOMMER;caisse_regionale;nom;RENOMMER_CORRIGER;Corriger orthographe, accents et variantes avant insertion.;Nom homogène dans tris, filtres et cartes.;Aucun impact écran si le mapping applicatif est adapté.;Valider en recette fonctionnelle.;ÉLEVÉE;Utilisée ou nécessaire à une table utilisée;Conserver;Code Symfony + create_copy.sql + captures SSMS + mail/cahier de besoins
ListeCR;CodeMnemonique;NVARCHAR(100);REDUIRE_ET_RENOMMER;caisse_regionale;code_mnemonique;RENOMMER;Copie après dédoublonnage.;Conserver seulement si utilisé par l’API ou les écrans.;Aucun impact écran si le mapping applicatif est adapté.;Valider en recette fonctionnelle.;ÉLEVÉE;Aucun usage métier confirmé;Candidate à suppression après validation fonctionnelle;Code Symfony + create_copy.sql + captures SSMS + mail/cahier de besoins
ListeCR;CRPool;NVARCHAR(100);REDUIRE_ET_RENOMMER;archive_migration;liste_cr_crpool;ARCHIVER_PUIS_SUPPRIMER;"Exporter la valeur dans une table/fichier d’archive ; ne pas charger dans le schéma opérationnel V2.";Attribut hérité non nécessaire aux écrans confirmés et source de colonnes souvent vides.;"Aucun impact sur les écrans PICUP validés ; impact possible pour un consommateur externe.";Confirmer absence d’usage API, BI, scripts ou exports externes.;MOYENNE;Aucun usage métier confirmé;Candidate à suppression après validation fonctionnelle;Code Symfony + create_copy.sql + captures SSMS + mail/cahier de besoins
ListeCR;Cooperation;NVARCHAR(100);REDUIRE_ET_RENOMMER;archive_migration;liste_cr_cooperation;ARCHIVER_PUIS_SUPPRIMER;"Exporter la valeur dans une table/fichier d’archive ; ne pas charger dans le schéma opérationnel V2.";Attribut hérité non nécessaire aux écrans confirmés et source de colonnes souvent vides.;"Aucun impact sur les écrans PICUP validés ; impact possible pour un consommateur externe.";Confirmer absence d’usage API, BI, scripts ou exports externes.;MOYENNE;Aucun usage métier confirmé;Candidate à suppression après validation fonctionnelle;Code Symfony + create_copy.sql + captures SSMS + mail/cahier de besoins
ListeCR;Acronyme;NVARCHAR(100);REDUIRE_ET_RENOMMER;archive_migration;liste_cr_acronyme;ARCHIVER_PUIS_SUPPRIMER;"Exporter la valeur dans une table/fichier d’archive ; ne pas charger dans le schéma opérationnel V2.";Attribut hérité non nécessaire aux écrans confirmés et source de colonnes souvent vides.;"Aucun impact sur les écrans PICUP validés ; impact possible pour un consommateur externe.";Confirmer absence d’usage API, BI, scripts ou exports externes.;MOYENNE;Aucun usage métier confirmé;Candidate à suppression après validation fonctionnelle;Code Symfony + create_copy.sql + captures SSMS + mail/cahier de besoins
ListeCR;PU;NVARCHAR(100);REDUIRE_ET_RENOMMER;archive_migration;liste_cr_pu;ARCHIVER_PUIS_SUPPRIMER;"Exporter la valeur dans une table/fichier d’archive ; ne pas charger dans le schéma opérationnel V2.";Attribut hérité non nécessaire aux écrans confirmés et source de colonnes souvent vides.;"Aucun impact sur les écrans PICUP validés ; impact possible pour un consommateur externe.";Confirmer absence d’usage API, BI, scripts ou exports externes.;MOYENNE;Aucun usage métier confirmé;Candidate à suppression après validation fonctionnelle;Code Symfony + create_copy.sql + captures SSMS + mail/cahier de besoins
ListeCR;CodeBanque;NVARCHAR(50);REDUIRE_ET_RENOMMER;archive_migration;liste_cr_codebanque;ARCHIVER_PUIS_SUPPRIMER;"Exporter la valeur dans une table/fichier d’archive ; ne pas charger dans le schéma opérationnel V2.";Attribut hérité non nécessaire aux écrans confirmés et source de colonnes souvent vides.;"Aucun impact sur les écrans PICUP validés ; impact possible pour un consommateur externe.";Confirmer absence d’usage API, BI, scripts ou exports externes.;MOYENNE;Aucun usage métier confirmé;Candidate à suppression après validation fonctionnelle;Code Symfony + create_copy.sql + captures SSMS + mail/cahier de besoins
ListeCR;CodeSociete;NVARCHAR(50);REDUIRE_ET_RENOMMER;archive_migration;liste_cr_codesociete;ARCHIVER_PUIS_SUPPRIMER;"Exporter la valeur dans une table/fichier d’archive ; ne pas charger dans le schéma opérationnel V2.";Attribut hérité non nécessaire aux écrans confirmés et source de colonnes souvent vides.;"Aucun impact sur les écrans PICUP validés ; impact possible pour un consommateur externe.";Confirmer absence d’usage API, BI, scripts ou exports externes.;MOYENNE;Aucun usage métier confirmé;Candidate à suppression après validation fonctionnelle;Code Symfony + create_copy.sql + captures SSMS + mail/cahier de besoins
ListeCR;NomRemedy;NVARCHAR(255);REDUIRE_ET_RENOMMER;archive_migration;liste_cr_nomremedy;ARCHIVER_PUIS_SUPPRIMER;"Exporter la valeur dans une table/fichier d’archive ; ne pas charger dans le schéma opérationnel V2.";Attribut hérité non nécessaire aux écrans confirmés et source de colonnes souvent vides.;"Aucun impact sur les écrans PICUP validés ; impact possible pour un consommateur externe.";Confirmer absence d’usage API, BI, scripts ou exports externes.;MOYENNE;Aucun usage métier confirmé;Candidate à suppression après validation fonctionnelle;Code Symfony + create_copy.sql + captures SSMS + mail/cahier de besoins
ListeCR;SIR_Origine;NVARCHAR(255);REDUIRE_ET_RENOMMER;archive_migration;liste_cr_sir_origine;ARCHIVER_PUIS_SUPPRIMER;"Exporter la valeur dans une table/fichier d’archive ; ne pas charger dans le schéma opérationnel V2.";Attribut hérité non nécessaire aux écrans confirmés et source de colonnes souvent vides.;"Aucun impact sur les écrans PICUP validés ; impact possible pour un consommateur externe.";Confirmer absence d’usage API, BI, scripts ou exports externes.;MOYENNE;Aucun usage métier confirmé;Candidate à suppression après validation fonctionnelle;Code Symfony + create_copy.sql + captures SSMS + mail/cahier de besoins
ListeCR;NomPartition;NVARCHAR(255);REDUIRE_ET_RENOMMER;archive_migration;liste_cr_nompartition;ARCHIVER_PUIS_SUPPRIMER;"Exporter la valeur dans une table/fichier d’archive ; ne pas charger dans le schéma opérationnel V2.";Attribut hérité non nécessaire aux écrans confirmés et source de colonnes souvent vides.;"Aucun impact sur les écrans PICUP validés ; impact possible pour un consommateur externe.";Confirmer absence d’usage API, BI, scripts ou exports externes.;MOYENNE;Aucun usage métier confirmé;Candidate à suppression après validation fonctionnelle;Code Symfony + create_copy.sql + captures SSMS + mail/cahier de besoins
ListeCR;NomCone;NVARCHAR(255);REDUIRE_ET_RENOMMER;archive_migration;liste_cr_nomcone;ARCHIVER_PUIS_SUPPRIMER;"Exporter la valeur dans une table/fichier d’archive ; ne pas charger dans le schéma opérationnel V2.";Attribut hérité non nécessaire aux écrans confirmés et source de colonnes souvent vides.;"Aucun impact sur les écrans PICUP validés ; impact possible pour un consommateur externe.";Confirmer absence d’usage API, BI, scripts ou exports externes.;MOYENNE;Aucun usage métier confirmé;Candidate à suppression après validation fonctionnelle;Code Symfony + create_copy.sql + captures SSMS + mail/cahier de besoins
type_metier;id;BIGINT;CONSERVER;type_metier;id;CONSERVER;Copie directe avec contrôle d’unicité.;Clé/référence stable.;Aucun impact écran si le mapping applicatif est adapté.;Valider en recette fonctionnelle.;ÉLEVÉE;Utilisée ou nécessaire à une table utilisée;Conserver;Code Symfony + create_copy.sql + captures SSMS + mail/cahier de besoins
type_metier;code;NVARCHAR(50);CONSERVER;type_metier;code;CONSERVER;Copie directe avec contrôle d’unicité.;Clé/référence stable.;Aucun impact écran si le mapping applicatif est adapté.;Valider en recette fonctionnelle.;ÉLEVÉE;Utilisée ou nécessaire à une table utilisée;Conserver;Code Symfony + create_copy.sql + captures SSMS + mail/cahier de besoins
type_metier;libelle;NVARCHAR(150);CONSERVER;type_metier;libelle;CONSERVER;Copie directe après normalisation typographique.;Libellé de référentiel.;Aucun impact écran si le mapping applicatif est adapté.;Valider en recette fonctionnelle.;ÉLEVÉE;Utilisée ou nécessaire à une table utilisée;Conserver;Code Symfony + create_copy.sql + captures SSMS + mail/cahier de besoins
type_metier;actif;BIT;CONSERVER;type_metier;est_actif;RENOMMER;Conversion BIT directe.;Convention booléenne explicite.;Aucun impact écran si le mapping applicatif est adapté.;Valider en recette fonctionnelle.;ÉLEVÉE;Utilisée ou nécessaire à une table utilisée;Conserver;Code Symfony + create_copy.sql + captures SSMS + mail/cahier de besoins
metier;id;BIGINT;CONSERVER_ET_SIMPLIFIER;metier;id;CONSERVER;Copie directe avec contrôle FK et unicité.;Nécessaire aux métiers PU/PP.;Aucun impact écran si le mapping applicatif est adapté.;Valider en recette fonctionnelle.;ÉLEVÉE;Utilisée ou nécessaire à une table utilisée;Conserver;Code Symfony + create_copy.sql + captures SSMS + mail/cahier de besoins
metier;code;NVARCHAR(50);CONSERVER_ET_SIMPLIFIER;metier;code;CONSERVER;Copie directe avec contrôle FK et unicité.;Nécessaire aux métiers PU/PP.;Aucun impact écran si le mapping applicatif est adapté.;Valider en recette fonctionnelle.;ÉLEVÉE;Utilisée ou nécessaire à une table utilisée;Conserver;Code Symfony + create_copy.sql + captures SSMS + mail/cahier de besoins
metier;nom;NVARCHAR(150);CONSERVER_ET_SIMPLIFIER;metier;nom;CONSERVER;Copie directe avec contrôle FK et unicité.;Nécessaire aux métiers PU/PP.;Aucun impact écran si le mapping applicatif est adapté.;Valider en recette fonctionnelle.;ÉLEVÉE;Utilisée ou nécessaire à une table utilisée;Conserver;Code Symfony + create_copy.sql + captures SSMS + mail/cahier de besoins
metier;type_metier_id;BIGINT;CONSERVER_ET_SIMPLIFIER;metier;type_metier_id;CONSERVER;Copie directe avec contrôle FK et unicité.;Nécessaire aux métiers PU/PP.;Aucun impact écran si le mapping applicatif est adapté.;Valider en recette fonctionnelle.;ÉLEVÉE;Utilisée ou nécessaire à une table utilisée;Conserver;Code Symfony + create_copy.sql + captures SSMS + mail/cahier de besoins
metier;domaine;NVARCHAR(150);CONSERVER_ET_SIMPLIFIER;;;SUPPRIMER;"Ne pas migrer ; la catégorisation est déjà portée par type_metier_id.";Colonne redondante et non exploitée.;Aucun si les écrans utilisent type_metier.;Vérifier les exports historiques.;ÉLEVÉE;Aucun usage métier confirmé;Candidate à suppression après validation fonctionnelle;Code Symfony + create_copy.sql + captures SSMS + mail/cahier de besoins
metier;actif;BIT;CONSERVER_ET_SIMPLIFIER;metier;est_actif;RENOMMER;Conversion directe.;Convention booléenne.;Aucun impact écran si le mapping applicatif est adapté.;Valider en recette fonctionnelle.;ÉLEVÉE;Utilisée ou nécessaire à une table utilisée;Conserver;Code Symfony + create_copy.sql + captures SSMS + mail/cahier de besoins
metier;date_creation;DATETIME2(0);CONSERVER_ET_SIMPLIFIER;metier;cree_le;RENOMMER;Copie directe.;Audit homogène.;Aucun impact écran si le mapping applicatif est adapté.;Valider en recette fonctionnelle.;ÉLEVÉE;Utilisée ou nécessaire à une table utilisée;Conserver;Code Symfony + create_copy.sql + captures SSMS + mail/cahier de besoins
metier;date_modification;DATETIME2(0);CONSERVER_ET_SIMPLIFIER;metier;modifie_le;RENOMMER;Copie directe.;Audit homogène.;Aucun impact écran si le mapping applicatif est adapté.;Valider en recette fonctionnelle.;ÉLEVÉE;Utilisée ou nécessaire à une table utilisée;Conserver;Code Symfony + create_copy.sql + captures SSMS + mail/cahier de besoins
fabricant_type;id;BIGINT;RENOMMER;type_fabricant;id;RENOMMER_TABLE;Copie directe.;Nom de table français naturel.;Aucun impact écran si le mapping applicatif est adapté.;Valider en recette fonctionnelle.;ÉLEVÉE;Migration uniquement ou aucun usage métier confirmé;Candidate à archivage/suppression après vérification externe;Code Symfony + create_copy.sql + captures SSMS + mail/cahier de besoins
fabricant_type;code;NVARCHAR(50);RENOMMER;type_fabricant;code;RENOMMER_TABLE;Copie directe.;Nom de table français naturel.;Aucun impact écran si le mapping applicatif est adapté.;Valider en recette fonctionnelle.;ÉLEVÉE;Migration uniquement ou aucun usage métier confirmé;Candidate à archivage/suppression après vérification externe;Code Symfony + create_copy.sql + captures SSMS + mail/cahier de besoins
fabricant_type;libelle;NVARCHAR(150);RENOMMER;type_fabricant;libelle;RENOMMER_TABLE;Copie directe.;Nom de table français naturel.;Aucun impact écran si le mapping applicatif est adapté.;Valider en recette fonctionnelle.;ÉLEVÉE;Migration uniquement ou aucun usage métier confirmé;Candidate à archivage/suppression après vérification externe;Code Symfony + create_copy.sql + captures SSMS + mail/cahier de besoins
fabricant_type;actif;BIT;RENOMMER;type_fabricant;est_actif;RENOMMER;Conversion directe.;Convention booléenne.;Aucun impact écran si le mapping applicatif est adapté.;Valider en recette fonctionnelle.;ÉLEVÉE;Migration uniquement ou aucun usage métier confirmé;Candidate à archivage/suppression après vérification externe;Code Symfony + create_copy.sql + captures SSMS + mail/cahier de besoins
fabricant;id;BIGINT;CONSERVER_ET_NORMALISER;fabricant;id;CONSERVER;Copie directe avec nettoyage des doublons.;Référentiel utilisé.;Aucun impact écran si le mapping applicatif est adapté.;Valider en recette fonctionnelle.;ÉLEVÉE;Utilisée ou nécessaire à une table utilisée;Conserver;Code Symfony + create_copy.sql + captures SSMS + mail/cahier de besoins
fabricant;fabricant_type_id;BIGINT;CONSERVER_ET_NORMALISER;fabricant;type_fabricant_id;RENOMMER;Remapper vers type_fabricant.id.;FK cohérente avec le renommage.;Aucun impact écran si le mapping applicatif est adapté.;Valider en recette fonctionnelle.;ÉLEVÉE;Utilisée ou nécessaire à une table utilisée;Conserver;Code Symfony + create_copy.sql + captures SSMS + mail/cahier de besoins
fabricant;code;NVARCHAR(50);CONSERVER_ET_NORMALISER;fabricant;code;CONSERVER;Copie directe avec nettoyage des doublons.;Référentiel utilisé.;Aucun impact écran si le mapping applicatif est adapté.;Valider en recette fonctionnelle.;ÉLEVÉE;Utilisée ou nécessaire à une table utilisée;Conserver;Code Symfony + create_copy.sql + captures SSMS + mail/cahier de besoins
fabricant;nom;NVARCHAR(200);CONSERVER_ET_NORMALISER;fabricant;nom;CONSERVER;Copie directe avec nettoyage des doublons.;Référentiel utilisé.;Aucun impact écran si le mapping applicatif est adapté.;Valider en recette fonctionnelle.;ÉLEVÉE;Utilisée ou nécessaire à une table utilisée;Conserver;Code Symfony + create_copy.sql + captures SSMS + mail/cahier de besoins
fabricant;actif;BIT;CONSERVER_ET_NORMALISER;fabricant;est_actif;RENOMMER;Conversion directe.;Convention booléenne.;Aucun impact écran si le mapping applicatif est adapté.;Valider en recette fonctionnelle.;ÉLEVÉE;Utilisée ou nécessaire à une table utilisée;Conserver;Code Symfony + create_copy.sql + captures SSMS + mail/cahier de besoins
fabricant;date_creation;DATETIME2(0);CONSERVER_ET_NORMALISER;fabricant;cree_le;RENOMMER;Copie directe.;Audit homogène.;Aucun impact écran si le mapping applicatif est adapté.;Valider en recette fonctionnelle.;ÉLEVÉE;Utilisée ou nécessaire à une table utilisée;Conserver;Code Symfony + create_copy.sql + captures SSMS + mail/cahier de besoins
fabricant;date_modification;DATETIME2(0);CONSERVER_ET_NORMALISER;fabricant;modifie_le;RENOMMER;Copie directe.;Audit homogène.;Aucun impact écran si le mapping applicatif est adapté.;Valider en recette fonctionnelle.;ÉLEVÉE;Utilisée ou nécessaire à une table utilisée;Conserver;Code Symfony + create_copy.sql + captures SSMS + mail/cahier de besoins
fabricant_filtre;id;BIGINT;SUPPRIMER;;;SUPPRIMER_AVEC_TABLE;"Ne pas migrer cette colonne ; archiver le contenu brut avant retrait définitif.";"Copie technique de fabricant destinée au filtrage ; le filtre doit interroger fabricant directement.";Suppression sans impact sur les écrans confirmés.;Vérifier absence de consommateur externe.;ÉLEVÉE;Migration uniquement ou aucun usage métier confirmé;Candidate à archivage/suppression après vérification externe;Code Symfony + create_copy.sql + captures SSMS + mail/cahier de besoins
fabricant_filtre;libelle;NVARCHAR(255);SUPPRIMER;;;SUPPRIMER_AVEC_TABLE;"Ne pas migrer cette colonne ; archiver le contenu brut avant retrait définitif.";"Copie technique de fabricant destinée au filtrage ; le filtre doit interroger fabricant directement.";Suppression sans impact sur les écrans confirmés.;Vérifier absence de consommateur externe.;ÉLEVÉE;Migration uniquement ou aucun usage métier confirmé;Candidate à archivage/suppression après vérification externe;Code Symfony + create_copy.sql + captures SSMS + mail/cahier de besoins
fabricant_filtre;source_type;NVARCHAR(32);SUPPRIMER;;;SUPPRIMER_AVEC_TABLE;"Ne pas migrer cette colonne ; archiver le contenu brut avant retrait définitif.";"Copie technique de fabricant destinée au filtrage ; le filtre doit interroger fabricant directement.";Suppression sans impact sur les écrans confirmés.;Vérifier absence de consommateur externe.;ÉLEVÉE;Migration uniquement ou aucun usage métier confirmé;Candidate à archivage/suppression après vérification externe;Code Symfony + create_copy.sql + captures SSMS + mail/cahier de besoins
fabricant_filtre;source_id;BIGINT;SUPPRIMER;;;SUPPRIMER_AVEC_TABLE;"Ne pas migrer cette colonne ; archiver le contenu brut avant retrait définitif.";"Copie technique de fabricant destinée au filtrage ; le filtre doit interroger fabricant directement.";Suppression sans impact sur les écrans confirmés.;Vérifier absence de consommateur externe.;ÉLEVÉE;Migration uniquement ou aucun usage métier confirmé;Candidate à archivage/suppression après vérification externe;Code Symfony + create_copy.sql + captures SSMS + mail/cahier de besoins
fabricant_filtre;actif;BIT;SUPPRIMER;;;SUPPRIMER_AVEC_TABLE;"Ne pas migrer cette colonne ; archiver le contenu brut avant retrait définitif.";"Copie technique de fabricant destinée au filtrage ; le filtre doit interroger fabricant directement.";Suppression sans impact sur les écrans confirmés.;Vérifier absence de consommateur externe.;ÉLEVÉE;Migration uniquement ou aucun usage métier confirmé;Candidate à archivage/suppression après vérification externe;Code Symfony + create_copy.sql + captures SSMS + mail/cahier de besoins
fabricant_filtre;date_creation;DATETIME2(0);SUPPRIMER;;;SUPPRIMER_AVEC_TABLE;"Ne pas migrer cette colonne ; archiver le contenu brut avant retrait définitif.";"Copie technique de fabricant destinée au filtrage ; le filtre doit interroger fabricant directement.";Suppression sans impact sur les écrans confirmés.;Vérifier absence de consommateur externe.;ÉLEVÉE;Migration uniquement ou aucun usage métier confirmé;Candidate à archivage/suppression après vérification externe;Code Symfony + create_copy.sql + captures SSMS + mail/cahier de besoins
contact;id;BIGINT;CONSERVER_ET_NORMALISER;contact;id;CONSERVER;Copie directe après dédoublonnage par matricule/email.;Donnée utilisée par les rôles de version.;Aucun impact écran si le mapping applicatif est adapté.;Valider en recette fonctionnelle.;ÉLEVÉE;Utilisée ou nécessaire à une table utilisée;Conserver;Code Symfony + create_copy.sql + captures SSMS + mail/cahier de besoins
contact;matricule;NVARCHAR(50);CONSERVER_ET_NORMALISER;contact;matricule;CONSERVER;Copie directe après dédoublonnage par matricule/email.;Donnée utilisée par les rôles de version.;Aucun impact écran si le mapping applicatif est adapté.;Valider en recette fonctionnelle.;ÉLEVÉE;Utilisée ou nécessaire à une table utilisée;Conserver;Code Symfony + create_copy.sql + captures SSMS + mail/cahier de besoins
contact;nom;NVARCHAR(150);CONSERVER_ET_NORMALISER;contact;nom;CONSERVER;Copie directe après dédoublonnage par matricule/email.;Donnée utilisée par les rôles de version.;Aucun impact écran si le mapping applicatif est adapté.;Valider en recette fonctionnelle.;ÉLEVÉE;Utilisée ou nécessaire à une table utilisée;Conserver;Code Symfony + create_copy.sql + captures SSMS + mail/cahier de besoins
contact;prenom;NVARCHAR(150);CONSERVER_ET_NORMALISER;contact;prenom;CONSERVER;Copie directe après dédoublonnage par matricule/email.;Donnée utilisée par les rôles de version.;Aucun impact écran si le mapping applicatif est adapté.;Valider en recette fonctionnelle.;ÉLEVÉE;Utilisée ou nécessaire à une table utilisée;Conserver;Code Symfony + create_copy.sql + captures SSMS + mail/cahier de besoins
contact;email;NVARCHAR(255);CONSERVER_ET_NORMALISER;contact;email;CONSERVER;Copie directe après dédoublonnage par matricule/email.;Donnée utilisée par les rôles de version.;Aucun impact écran si le mapping applicatif est adapté.;Valider en recette fonctionnelle.;ÉLEVÉE;Utilisée ou nécessaire à une table utilisée;Conserver;Code Symfony + create_copy.sql + captures SSMS + mail/cahier de besoins
contact;telephone;NVARCHAR(50);CONSERVER_ET_NORMALISER;contact;telephone;CONSERVER;Copie directe après dédoublonnage par matricule/email.;Donnée utilisée par les rôles de version.;Aucun impact écran si le mapping applicatif est adapté.;Valider en recette fonctionnelle.;ÉLEVÉE;Utilisée ou nécessaire à une table utilisée;Conserver;Code Symfony + create_copy.sql + captures SSMS + mail/cahier de besoins
contact;actif;BIT;CONSERVER_ET_NORMALISER;contact;est_actif;RENOMMER;Conversion directe.;Convention booléenne.;Aucun impact écran si le mapping applicatif est adapté.;Valider en recette fonctionnelle.;ÉLEVÉE;Utilisée ou nécessaire à une table utilisée;Conserver;Code Symfony + create_copy.sql + captures SSMS + mail/cahier de besoins
contact;date_creation;DATETIME2(0);CONSERVER_ET_NORMALISER;contact;cree_le;RENOMMER;Copie directe.;Audit homogène.;Aucun impact écran si le mapping applicatif est adapté.;Valider en recette fonctionnelle.;ÉLEVÉE;Utilisée ou nécessaire à une table utilisée;Conserver;Code Symfony + create_copy.sql + captures SSMS + mail/cahier de besoins
contact;date_modification;DATETIME2(0);CONSERVER_ET_NORMALISER;contact;modifie_le;RENOMMER;Copie directe.;Audit homogène.;Aucun impact écran si le mapping applicatif est adapté.;Valider en recette fonctionnelle.;ÉLEVÉE;Utilisée ou nécessaire à une table utilisée;Conserver;Code Symfony + create_copy.sql + captures SSMS + mail/cahier de besoins
role_contact;id;BIGINT;CONSERVER;role_contact;id;CONSERVER;Copie directe avec contrôle d’unicité.;Clé/référence stable.;Aucun impact écran si le mapping applicatif est adapté.;Valider en recette fonctionnelle.;ÉLEVÉE;Utilisée ou nécessaire à une table utilisée;Conserver;Code Symfony + create_copy.sql + captures SSMS + mail/cahier de besoins
role_contact;code;NVARCHAR(50);CONSERVER;role_contact;code;CONSERVER;Copie directe avec contrôle d’unicité.;Clé/référence stable.;Aucun impact écran si le mapping applicatif est adapté.;Valider en recette fonctionnelle.;ÉLEVÉE;Utilisée ou nécessaire à une table utilisée;Conserver;Code Symfony + create_copy.sql + captures SSMS + mail/cahier de besoins
role_contact;libelle;NVARCHAR(150);CONSERVER;role_contact;libelle;CONSERVER;Copie directe après normalisation typographique.;Libellé de référentiel.;Aucun impact écran si le mapping applicatif est adapté.;Valider en recette fonctionnelle.;ÉLEVÉE;Utilisée ou nécessaire à une table utilisée;Conserver;Code Symfony + create_copy.sql + captures SSMS + mail/cahier de besoins
role_contact;actif;BIT;CONSERVER;role_contact;est_actif;RENOMMER;Conversion BIT directe.;Convention booléenne explicite.;Aucun impact écran si le mapping applicatif est adapté.;Valider en recette fonctionnelle.;ÉLEVÉE;Utilisée ou nécessaire à une table utilisée;Conserver;Code Symfony + create_copy.sql + captures SSMS + mail/cahier de besoins
statut;id;BIGINT;SCINDER;statut_application / statut_version;id;SCINDER_ET_RECODER;Créer une table de correspondance selon la portée réelle de chaque valeur et les décisions métier.;Évite de mélanger états application et états version.;Les listes et formulaires conservent leurs options après adaptation.;Faire valider les listes définitives de statuts.;MOYENNE;Utilisée ou nécessaire à une table utilisée;Conserver;Code Symfony + create_copy.sql + captures SSMS + mail/cahier de besoins
statut;code;NVARCHAR(50);SCINDER;statut_application / statut_version;code;SCINDER_ET_RECODER;Créer une table de correspondance selon la portée réelle de chaque valeur et les décisions métier.;Évite de mélanger états application et états version.;Les listes et formulaires conservent leurs options après adaptation.;Faire valider les listes définitives de statuts.;MOYENNE;Utilisée ou nécessaire à une table utilisée;Conserver;Code Symfony + create_copy.sql + captures SSMS + mail/cahier de besoins
statut;libelle;NVARCHAR(150);SCINDER;statut_application / statut_version;libelle;SCINDER_ET_RECODER;Créer une table de correspondance selon la portée réelle de chaque valeur et les décisions métier.;Évite de mélanger états application et états version.;Les listes et formulaires conservent leurs options après adaptation.;Faire valider les listes définitives de statuts.;MOYENNE;Utilisée ou nécessaire à une table utilisée;Conserver;Code Symfony + create_copy.sql + captures SSMS + mail/cahier de besoins
statut;ordre_affichage;INT;SCINDER;statut_application / statut_version;ordre_affichage;SCINDER_ET_RECODER;Créer une table de correspondance selon la portée réelle de chaque valeur et les décisions métier.;Évite de mélanger états application et états version.;Les listes et formulaires conservent leurs options après adaptation.;Faire valider les listes définitives de statuts.;MOYENNE;Utilisée ou nécessaire à une table utilisée;Conserver;Code Symfony + create_copy.sql + captures SSMS + mail/cahier de besoins
statut;actif;BIT;SCINDER;statut_application / statut_version;est_actif;SCINDER_ET_RECODER;Créer une table de correspondance selon la portée réelle de chaque valeur et les décisions métier.;Évite de mélanger états application et états version.;Les listes et formulaires conservent leurs options après adaptation.;Faire valider les listes définitives de statuts.;MOYENNE;Utilisée ou nécessaire à une table utilisée;Conserver;Code Symfony + create_copy.sql + captures SSMS + mail/cahier de besoins
etape_version;id;BIGINT;RENOMMER_ET_RECADRER;phase_version;id;RENOMMER_TABLE;Remapper les valeurs actuelles vers le cycle validé.;Clarifie qu’il s’agit d’une phase, pas d’un statut.;Aucun impact écran si le mapping applicatif est adapté.;Valider en recette fonctionnelle.;ÉLEVÉE;Utilisée ou nécessaire à une table utilisée;Conserver;Code Symfony + create_copy.sql + captures SSMS + mail/cahier de besoins
etape_version;code;NVARCHAR(50);RENOMMER_ET_RECADRER;phase_version;code;RENOMMER_TABLE;Remapper les valeurs actuelles vers le cycle validé.;Clarifie qu’il s’agit d’une phase, pas d’un statut.;Aucun impact écran si le mapping applicatif est adapté.;Valider en recette fonctionnelle.;ÉLEVÉE;Utilisée ou nécessaire à une table utilisée;Conserver;Code Symfony + create_copy.sql + captures SSMS + mail/cahier de besoins
etape_version;libelle;NVARCHAR(150);RENOMMER_ET_RECADRER;phase_version;libelle;RENOMMER_TABLE;Remapper les valeurs actuelles vers le cycle validé.;Clarifie qu’il s’agit d’une phase, pas d’un statut.;Aucun impact écran si le mapping applicatif est adapté.;Valider en recette fonctionnelle.;ÉLEVÉE;Utilisée ou nécessaire à une table utilisée;Conserver;Code Symfony + create_copy.sql + captures SSMS + mail/cahier de besoins
etape_version;ordre_affichage;INT;RENOMMER_ET_RECADRER;phase_version;ordre_affichage;RENOMMER_TABLE;Remapper les valeurs actuelles vers le cycle validé.;Clarifie qu’il s’agit d’une phase, pas d’un statut.;Aucun impact écran si le mapping applicatif est adapté.;Valider en recette fonctionnelle.;ÉLEVÉE;Utilisée ou nécessaire à une table utilisée;Conserver;Code Symfony + create_copy.sql + captures SSMS + mail/cahier de besoins
etape_version;actif;BIT;RENOMMER_ET_RECADRER;phase_version;est_actif;RENOMMER;Conversion directe.;Convention booléenne.;Aucun impact écran si le mapping applicatif est adapté.;Valider en recette fonctionnelle.;ÉLEVÉE;Utilisée ou nécessaire à une table utilisée;Conserver;Code Symfony + create_copy.sql + captures SSMS + mail/cahier de besoins
langage_programmation;id;BIGINT;CONSERVER_ET_ENRICHIR;langage_programmation;id;CONSERVER;Copie directe avec contrôle d’unicité.;Clé/référence stable.;Aucun impact écran si le mapping applicatif est adapté.;Valider en recette fonctionnelle.;ÉLEVÉE;Migration uniquement ou aucun usage métier confirmé;Candidate à archivage/suppression après vérification externe;Code Symfony + create_copy.sql + captures SSMS + mail/cahier de besoins
langage_programmation;code;NVARCHAR(50);CONSERVER_ET_ENRICHIR;langage_programmation;code;CONSERVER;Copie directe avec contrôle d’unicité.;Clé/référence stable.;Aucun impact écran si le mapping applicatif est adapté.;Valider en recette fonctionnelle.;ÉLEVÉE;Migration uniquement ou aucun usage métier confirmé;Candidate à archivage/suppression après vérification externe;Code Symfony + create_copy.sql + captures SSMS + mail/cahier de besoins
langage_programmation;nom;NVARCHAR(150);CONSERVER_ET_ENRICHIR;langage_programmation;nom;CONSERVER;Nettoyer les variantes : CSharp/C#, Typescript/TypeScript, Cobol/COBOL.;Libellé canonique.;Aucun impact écran si le mapping applicatif est adapté.;Valider en recette fonctionnelle.;ÉLEVÉE;Migration uniquement ou aucun usage métier confirmé;Candidate à archivage/suppression après vérification externe;Code Symfony + create_copy.sql + captures SSMS + mail/cahier de besoins
langage_programmation;actif;BIT;CONSERVER_ET_ENRICHIR;langage_programmation;est_actif;RENOMMER;Conversion BIT directe.;Convention booléenne explicite.;Aucun impact écran si le mapping applicatif est adapté.;Valider en recette fonctionnelle.;ÉLEVÉE;Migration uniquement ou aucun usage métier confirmé;Candidate à archivage/suppression après vérification externe;Code Symfony + create_copy.sql + captures SSMS + mail/cahier de besoins
application;id;BIGINT;CONSERVER_ET_RESTRUCTURER;application;id;CONSERVER;"Copie directe ; imposer unicité lorsque pertinente.";Identifiants métier nécessaires.;Aucun impact écran si le mapping applicatif est adapté.;Valider en recette fonctionnelle.;ÉLEVÉE;Utilisée ou nécessaire à une table utilisée;Conserver;Code Symfony + create_copy.sql + captures SSMS + mail/cahier de besoins
application;old_id;BIGINT;CONSERVER_ET_RESTRUCTURER;archive_migration;application_ancien_id;DEPLACER_ARCHIVE;Conserver uniquement dans la table de correspondance de migration.;Identifiant historique sans valeur métier en V2.;Aucun écran ne doit l’utiliser.;Conserver jusqu’à la fin de la réconciliation.;ÉLEVÉE;Utilisée ou nécessaire à une table utilisée;Conserver;Code Symfony + create_copy.sql + captures SSMS + mail/cahier de besoins
application;code_pic;NVARCHAR(50);CONSERVER_ET_RESTRUCTURER;application;code_pic;CONSERVER;"Copie directe ; imposer unicité lorsque pertinente.";Identifiants métier nécessaires.;Aucun impact écran si le mapping applicatif est adapté.;Valider en recette fonctionnelle.;ÉLEVÉE;Utilisée ou nécessaire à une table utilisée;Conserver;Code Symfony + create_copy.sql + captures SSMS + mail/cahier de besoins
application;code_maps;NVARCHAR(50);CONSERVER_ET_RESTRUCTURER;application;code_maps;CONSERVER;"Copie directe ; imposer unicité lorsque pertinente.";Identifiants métier nécessaires.;Aucun impact écran si le mapping applicatif est adapté.;Valider en recette fonctionnelle.;ÉLEVÉE;Utilisée ou nécessaire à une table utilisée;Conserver;Code Symfony + create_copy.sql + captures SSMS + mail/cahier de besoins
application;code_solution;NVARCHAR(50);CONSERVER_ET_RESTRUCTURER;application;code_solution;CONSERVER;"Copie directe ; imposer unicité lorsque pertinente.";Identifiants métier nécessaires.;Aucun impact écran si le mapping applicatif est adapté.;Valider en recette fonctionnelle.;ÉLEVÉE;Utilisée ou nécessaire à une table utilisée;Conserver;Code Symfony + create_copy.sql + captures SSMS + mail/cahier de besoins
application;libelle;NVARCHAR(255);CONSERVER_ET_RESTRUCTURER;application;nom;RENOMMER;Copie directe.;Nom métier plus naturel.;Aucun impact écran si le mapping applicatif est adapté.;Valider en recette fonctionnelle.;ÉLEVÉE;Utilisée ou nécessaire à une table utilisée;Conserver;Code Symfony + create_copy.sql + captures SSMS + mail/cahier de besoins
application;description_fonctionnelle;NVARCHAR(MAX);CONSERVER_ET_RESTRUCTURER;application;description;RENOMMER;Copie directe.;Nom plus concis sans perte de sens.;Aucun impact écran si le mapping applicatif est adapté.;Valider en recette fonctionnelle.;ÉLEVÉE;Utilisée ou nécessaire à une table utilisée;Conserver;Code Symfony + create_copy.sql + captures SSMS + mail/cahier de besoins
application;statut_id;BIGINT;CONSERVER_ET_RESTRUCTURER;application;statut_application_id;RENOMMER_ET_RECODER;Remapper vers statut_application.;Sépare le cycle application du cycle version.;Aucun impact écran si le mapping applicatif est adapté.;Valider en recette fonctionnelle.;ÉLEVÉE;Utilisée ou nécessaire à une table utilisée;Conserver;Code Symfony + create_copy.sql + captures SSMS + mail/cahier de besoins
application;version_production_id;BIGINT;CONSERVER_ET_RESTRUCTURER;;;SUPPRIMER_DERIVER;"Ne pas migrer ; déterminer la version en production par version.est_en_production.";Supprime une relation circulaire et deux sources de vérité.;L’écran « version en production » reste alimenté par une requête.;Créer un index unique filtré sur version(application_id).;ÉLEVÉE;Utilisée ou nécessaire à une table utilisée;Conserver;Code Symfony + create_copy.sql + captures SSMS + mail/cahier de besoins
application;date_premiere_mep;DATE;CONSERVER_ET_RESTRUCTURER;application;premiere_mise_en_production_le;RENOMMER;"Copier si fiable ; sinon recalculer MIN(version.mise_en_production_le).";Donnée métier affichée.;Aucun impact écran si le mapping applicatif est adapté.;Valider en recette fonctionnelle.;ÉLEVÉE;Utilisée ou nécessaire à une table utilisée;Conserver;Code Symfony + create_copy.sql + captures SSMS + mail/cahier de besoins
application;date_derniere_mep;DATE;CONSERVER_ET_RESTRUCTURER;;;SUPPRIMER_DERIVER;Recalculer MAX(version.mise_en_production_le).;Évite une valeur dupliquée et souvent vide.;Aucun impact écran si le mapping applicatif est adapté.;Valider en recette fonctionnelle.;ÉLEVÉE;Aucun usage métier confirmé;Candidate à suppression après validation fonctionnelle;Code Symfony + create_copy.sql + captures SSMS + mail/cahier de besoins
application;date_decommissionnement;DATE;CONSERVER_ET_RESTRUCTURER;application;decommissionnee_le;RENOMMER;Copie directe avec contrôle du statut.;Nom d’événement explicite.;Aucun impact écran si le mapping applicatif est adapté.;Valider en recette fonctionnelle.;ÉLEVÉE;Utilisée ou nécessaire à une table utilisée;Conserver;Code Symfony + create_copy.sql + captures SSMS + mail/cahier de besoins
application;api_reference_id;NVARCHAR(100);CONSERVER_ET_RESTRUCTURER;;;SUPPRIMER_OU_EXTERNALISER;"Ne migrer que si une intégration active est démontrée ; sinon archiver.";Colonne non exploitée et majoritairement vide.;Aucun écran PICUP confirmé.;Inventorier les API externes.;MOYENNE;Aucun usage métier confirmé;Candidate à suppression après validation fonctionnelle;Code Symfony + create_copy.sql + captures SSMS + mail/cahier de besoins
application;produit_id;BIGINT;CONSERVER_ET_RESTRUCTURER;;;SUPPRIMER_OU_ARBITRER;Supprimer en l’absence de référentiel produit et d’écran confirmé.;FK sans table active et données majoritairement nulles.;Aucun si produit vient de MAPS.;Valider avec l’API MAPS.;MOYENNE;Utilisée ou nécessaire à une table utilisée;Conserver;Code Symfony + create_copy.sql + captures SSMS + mail/cahier de besoins
application;type_metier_id;BIGINT;CONSERVER_ET_RESTRUCTURER;application;type_metier_id;CONSERVER_TRANSITOIRE;"Copier ; réévaluer si la valeur est entièrement déductible des métiers PU/PP.";Préserve le filtrage existant.;Aucun impact écran si le mapping applicatif est adapté.;Valider en recette fonctionnelle.;ÉLEVÉE;Utilisée ou nécessaire à une table utilisée;Conserver;Code Symfony + create_copy.sql + captures SSMS + mail/cahier de besoins
application;pu_metier_id;BIGINT;CONSERVER_ET_RESTRUCTURER;application;metier_pu_id;RENOMMER;Remapper vers metier.id.;Nom de FK explicite.;Aucun impact écran si le mapping applicatif est adapté.;Valider en recette fonctionnelle.;ÉLEVÉE;Utilisée ou nécessaire à une table utilisée;Conserver;Code Symfony + create_copy.sql + captures SSMS + mail/cahier de besoins
application;pp_metier_id;BIGINT;CONSERVER_ET_RESTRUCTURER;application;metier_pp_id;RENOMMER;Remapper vers metier.id.;Nom de FK explicite.;Aucun impact écran si le mapping applicatif est adapté.;Valider en recette fonctionnelle.;ÉLEVÉE;Utilisée ou nécessaire à une table utilisée;Conserver;Code Symfony + create_copy.sql + captures SSMS + mail/cahier de besoins
application;groupe_support_id;BIGINT;CONSERVER_ET_RESTRUCTURER;;;SUPPRIMER_OU_REMODELER;"Supprimer si le groupe support est couvert par version_contact avec rôle SUPPORT ; sinon créer un référentiel dédié.";FK non matérialisée et valeurs vides.;Le support peut rester visible via les contacts.;Arbitrage métier.;MOYENNE;Aucun usage métier confirmé;Candidate à suppression après validation fonctionnelle;Code Symfony + create_copy.sql + captures SSMS + mail/cahier de besoins
application;est_active;BIT;CONSERVER_ET_RESTRUCTURER;application;est_active;CONSERVER;"Copie directe ; vérifier cohérence avec statut_application.";Utilisé dans les listes et filtres.;Aucun impact écran si le mapping applicatif est adapté.;Valider en recette fonctionnelle.;ÉLEVÉE;Utilisée ou nécessaire à une table utilisée;Conserver;Code Symfony + create_copy.sql + captures SSMS + mail/cahier de besoins
application;est_a_venir;BIT;CONSERVER_ET_RESTRUCTURER;application;est_a_venir;CONSERVER_TRANSITOIRE;"Copie directe ; à terme peut être porté par statut_application.";Préserve les écrans actuels.;Aucun impact écran si le mapping applicatif est adapté.;Valider en recette fonctionnelle.;ÉLEVÉE;Utilisée ou nécessaire à une table utilisée;Conserver;Code Symfony + create_copy.sql + captures SSMS + mail/cahier de besoins
application;date_creation;DATETIME2(0);CONSERVER_ET_RESTRUCTURER;application;cree_le;RENOMMER;Copie directe.;Audit homogène.;Aucun impact écran si le mapping applicatif est adapté.;Valider en recette fonctionnelle.;ÉLEVÉE;Utilisée ou nécessaire à une table utilisée;Conserver;Code Symfony + create_copy.sql + captures SSMS + mail/cahier de besoins
application;date_modification;DATETIME2(0);CONSERVER_ET_RESTRUCTURER;application;modifie_le;RENOMMER;Copie directe.;Audit homogène.;Aucun impact écran si le mapping applicatif est adapté.;Valider en recette fonctionnelle.;ÉLEVÉE;Utilisée ou nécessaire à une table utilisée;Conserver;Code Symfony + create_copy.sql + captures SSMS + mail/cahier de besoins
application;cree_par;BIGINT;CONSERVER_ET_RESTRUCTURER;journal_modification;administrateur_id;DEPLACER;Créer un événement APPLICATION_CREEE si la valeur existe.;L’audit appartient au journal, pas à la table métier.;Aucun impact écran si le mapping applicatif est adapté.;Valider en recette fonctionnelle.;ÉLEVÉE;Aucun usage métier confirmé;Candidate à suppression après validation fonctionnelle;Code Symfony + create_copy.sql + captures SSMS + mail/cahier de besoins
application;modifie_par;BIGINT;CONSERVER_ET_RESTRUCTURER;journal_modification;administrateur_id;DEPLACER;Créer ou compléter le dernier événement de modification.;L’audit appartient au journal, pas à la table métier.;Aucun impact écran si le mapping applicatif est adapté.;Valider en recette fonctionnelle.;ÉLEVÉE;Aucun usage métier confirmé;Candidate à suppression après validation fonctionnelle;Code Symfony + create_copy.sql + captures SSMS + mail/cahier de besoins
version_application;id;BIGINT;REMPLACER_ET_ECLATER;version;id;RENOMMER_TABLE;Copie directe avec contrôle FK.;Conserve le périmètre Version.;Aucun impact écran si le mapping applicatif est adapté.;Valider en recette fonctionnelle.;ÉLEVÉE;Utilisée ou nécessaire à une table utilisée;Conserver;Code Symfony + create_copy.sql + captures SSMS + mail/cahier de besoins
version_application;old_id;BIGINT;REMPLACER_ET_ECLATER;archive_migration;version_ancien_id;DEPLACER_ARCHIVE;Table de correspondance uniquement.;Identifiant de migration.;Aucun impact écran si le mapping applicatif est adapté.;Valider en recette fonctionnelle.;ÉLEVÉE;Utilisée ou nécessaire à une table utilisée;Conserver;Code Symfony + create_copy.sql + captures SSMS + mail/cahier de besoins
version_application;old_id_application;BIGINT;REMPLACER_ET_ECLATER;archive_migration;application_ancien_id;DEPLACER_ARCHIVE;Table de correspondance uniquement.;Identifiant de migration.;Aucun impact écran si le mapping applicatif est adapté.;Valider en recette fonctionnelle.;ÉLEVÉE;Utilisée ou nécessaire à une table utilisée;Conserver;Code Symfony + create_copy.sql + captures SSMS + mail/cahier de besoins
version_application;application_id;BIGINT;REMPLACER_ET_ECLATER;version;application_id;RENOMMER_TABLE;Copie directe avec contrôle FK.;Conserve le périmètre Version.;Aucun impact écran si le mapping applicatif est adapté.;Valider en recette fonctionnelle.;ÉLEVÉE;Utilisée ou nécessaire à une table utilisée;Conserver;Code Symfony + create_copy.sql + captures SSMS + mail/cahier de besoins
version_application;numero_version;NVARCHAR(100);REMPLACER_ET_ECLATER;version;numero;RENOMMER;Nettoyer espaces et variantes, puis imposer UNIQUE(application_id, numero).;Nom concis et contrainte métier.;Aucun impact écran si le mapping applicatif est adapté.;Valider en recette fonctionnelle.;ÉLEVÉE;Utilisée ou nécessaire à une table utilisée;Conserver;Code Symfony + create_copy.sql + captures SSMS + mail/cahier de besoins
version_application;release_note;NVARCHAR(MAX);REMPLACER_ET_ECLATER;version;notes_version;RENOMMER;Copie directe.;Nom français cohérent.;Aucun impact écran si le mapping applicatif est adapté.;Valider en recette fonctionnelle.;ÉLEVÉE;Utilisée ou nécessaire à une table utilisée;Conserver;Code Symfony + create_copy.sql + captures SSMS + mail/cahier de besoins
version_application;statut_id;BIGINT;REMPLACER_ET_ECLATER;version;statut_version_id;RENOMMER_ET_RECODER;Remapper vers statut_version.;Sépare les cycles application/version.;Aucun impact écran si le mapping applicatif est adapté.;Valider en recette fonctionnelle.;ÉLEVÉE;Utilisée ou nécessaire à une table utilisée;Conserver;Code Symfony + create_copy.sql + captures SSMS + mail/cahier de besoins
version_application;etape_version_id;BIGINT;REMPLACER_ET_ECLATER;version;phase_version_id;RENOMMER_ET_RECODER;Remapper vers phase_version.;Terminologie métier clarifiée.;Aucun impact écran si le mapping applicatif est adapté.;Valider en recette fonctionnelle.;ÉLEVÉE;Utilisée ou nécessaire à une table utilisée;Conserver;Code Symfony + create_copy.sql + captures SSMS + mail/cahier de besoins
version_application;date_mise_a_disposition;DATE;REMPLACER_ET_ECLATER;version;mise_a_disposition_le;RENOMMER;Copie directe.;Convention date événement.;Aucun impact écran si le mapping applicatif est adapté.;Valider en recette fonctionnelle.;ÉLEVÉE;Utilisée ou nécessaire à une table utilisée;Conserver;Code Symfony + create_copy.sql + captures SSMS + mail/cahier de besoins
version_application;date_livraison;DATE;REMPLACER_ET_ECLATER;version;livraison_le;RENOMMER;Copie directe.;Convention date événement.;Aucun impact écran si le mapping applicatif est adapté.;Valider en recette fonctionnelle.;ÉLEVÉE;Utilisée ou nécessaire à une table utilisée;Conserver;Code Symfony + create_copy.sql + captures SSMS + mail/cahier de besoins
version_application;date_mise_en_production;DATE;REMPLACER_ET_ECLATER;version;mise_en_production_le;RENOMMER;Copie directe.;Convention date événement.;Aucun impact écran si le mapping applicatif est adapté.;Valider en recette fonctionnelle.;ÉLEVÉE;Utilisée ou nécessaire à une table utilisée;Conserver;Code Symfony + create_copy.sql + captures SSMS + mail/cahier de besoins
version_application;date_decommissionnement;DATE;REMPLACER_ET_ECLATER;version;decommissionnee_le;RENOMMER;Copie directe.;Convention date événement.;Aucun impact écran si le mapping applicatif est adapté.;Valider en recette fonctionnelle.;ÉLEVÉE;Utilisée ou nécessaire à une table utilisée;Conserver;Code Symfony + create_copy.sql + captures SSMS + mail/cahier de besoins
version_application;trajectoire_fabrication;NVARCHAR(MAX);REMPLACER_ET_ECLATER;version;trajectoire_fabrication;CONSERVER;Copie après nettoyage.;Champ explicitement demandé dans l’écran Version.;Aucun impact écran si le mapping applicatif est adapté.;Valider en recette fonctionnelle.;ÉLEVÉE;Utilisée ou nécessaire à une table utilisée;Conserver;Code Symfony + create_copy.sql + captures SSMS + mail/cahier de besoins
version_application;fabricant_id;BIGINT;REMPLACER_ET_ECLATER;version;fabricant_id;CONSERVER;Remapper vers fabricant.id.;Relation normalisée.;Aucun impact écran si le mapping applicatif est adapté.;Valider en recette fonctionnelle.;ÉLEVÉE;Utilisée ou nécessaire à une table utilisée;Conserver;Code Symfony + create_copy.sql + captures SSMS + mail/cahier de besoins
version_application;fabricant;NVARCHAR(512);REMPLACER_ET_ECLATER;;;SUPPRIMER_APRES_RECONCILIATION;"Utiliser le texte pour retrouver fabricant_id ; produire un rapport des valeurs non reconnues.";Doublon incohérent de la FK fabricant_id.;Aucun impact écran si le mapping applicatif est adapté.;Valider en recette fonctionnelle.;ÉLEVÉE;Utilisée ou nécessaire à une table utilisée;Conserver;Code Symfony + create_copy.sql + captures SSMS + mail/cahier de besoins
version_application;commentaire_technique;NVARCHAR(MAX);REMPLACER_ET_ECLATER;version;commentaire_technique;CONSERVER;"Copie directe ; éventuellement déplacer dans fiche_technique_version si volumineux.";Information utilisée sur la fiche version.;Aucun impact écran si le mapping applicatif est adapté.;Valider en recette fonctionnelle.;ÉLEVÉE;Utilisée ou nécessaire à une table utilisée;Conserver;Code Symfony + create_copy.sql + captures SSMS + mail/cahier de besoins
version_application;api_reference_id;NVARCHAR(100);REMPLACER_ET_ECLATER;;;SUPPRIMER_OU_EXTERNALISER;Archiver sauf preuve d’intégration active.;Non utilisé et souvent nul.;Aucun impact écran si le mapping applicatif est adapté.;Valider en recette fonctionnelle.;ÉLEVÉE;Aucun usage métier confirmé;Candidate à suppression après validation fonctionnelle;Code Symfony + create_copy.sql + captures SSMS + mail/cahier de besoins
version_application;date_creation;DATETIME2(0);REMPLACER_ET_ECLATER;version;cree_le;RENOMMER;Copie directe.;Audit homogène.;Aucun impact écran si le mapping applicatif est adapté.;Valider en recette fonctionnelle.;ÉLEVÉE;Utilisée ou nécessaire à une table utilisée;Conserver;Code Symfony + create_copy.sql + captures SSMS + mail/cahier de besoins
version_application;date_modification;DATETIME2(0);REMPLACER_ET_ECLATER;version;modifie_le;RENOMMER;Copie directe.;Audit homogène.;Aucun impact écran si le mapping applicatif est adapté.;Valider en recette fonctionnelle.;ÉLEVÉE;Utilisée ou nécessaire à une table utilisée;Conserver;Code Symfony + create_copy.sql + captures SSMS + mail/cahier de besoins
version_application;cree_par;BIGINT;REMPLACER_ET_ECLATER;journal_modification;administrateur_id;DEPLACER;Créer un événement VERSION_CREEE.;Audit centralisé.;Aucun impact écran si le mapping applicatif est adapté.;Valider en recette fonctionnelle.;ÉLEVÉE;Aucun usage métier confirmé;Candidate à suppression après validation fonctionnelle;Code Symfony + create_copy.sql + captures SSMS + mail/cahier de besoins
version_application;modifie_par;BIGINT;REMPLACER_ET_ECLATER;journal_modification;administrateur_id;DEPLACER;Créer un événement VERSION_MODIFIEE si possible.;Audit centralisé.;Aucun impact écran si le mapping applicatif est adapté.;Valider en recette fonctionnelle.;ÉLEVÉE;Aucun usage métier confirmé;Candidate à suppression après validation fonctionnelle;Code Symfony + create_copy.sql + captures SSMS + mail/cahier de besoins
version_application;is_in_prod;BIT;REMPLACER_ET_ECLATER;version;est_en_production;RENOMMER_NORMALISER;Convertir NULL en 0 après identification de la version de production.;Source de vérité unique pour la version en production.;Contrainte : une seule version en production par application.;ÉLEVÉE;ÉLEVÉE;Utilisée ou nécessaire à une table utilisée;Conserver;Code Symfony + create_copy.sql + captures SSMS + mail/cahier de besoins
fabricant_contact;id;BIGINT;SUPPRIMER;;;SUPPRIMER_AVEC_TABLE;"Ne pas migrer cette colonne ; archiver le contenu brut avant retrait définitif.";"Table vide et besoin non confirmé ; le contact fabricant est un rôle porté par version_contact.";Suppression sans impact sur les écrans confirmés.;Vérifier absence de consommateur externe.;ÉLEVÉE;Migration uniquement ou aucun usage métier confirmé;Candidate à archivage/suppression après vérification externe;Code Symfony + create_copy.sql + captures SSMS + mail/cahier de besoins
fabricant_contact;fabricant_id;BIGINT;SUPPRIMER;;;SUPPRIMER_AVEC_TABLE;"Ne pas migrer cette colonne ; archiver le contenu brut avant retrait définitif.";"Table vide et besoin non confirmé ; le contact fabricant est un rôle porté par version_contact.";Suppression sans impact sur les écrans confirmés.;Vérifier absence de consommateur externe.;ÉLEVÉE;Migration uniquement ou aucun usage métier confirmé;Candidate à archivage/suppression après vérification externe;Code Symfony + create_copy.sql + captures SSMS + mail/cahier de besoins
fabricant_contact;contact_id;BIGINT;SUPPRIMER;;;SUPPRIMER_AVEC_TABLE;"Ne pas migrer cette colonne ; archiver le contenu brut avant retrait définitif.";"Table vide et besoin non confirmé ; le contact fabricant est un rôle porté par version_contact.";Suppression sans impact sur les écrans confirmés.;Vérifier absence de consommateur externe.;ÉLEVÉE;Migration uniquement ou aucun usage métier confirmé;Candidate à archivage/suppression après vérification externe;Code Symfony + create_copy.sql + captures SSMS + mail/cahier de besoins
fabricant_contact;role_contact_id;BIGINT;SUPPRIMER;;;SUPPRIMER_AVEC_TABLE;"Ne pas migrer cette colonne ; archiver le contenu brut avant retrait définitif.";"Table vide et besoin non confirmé ; le contact fabricant est un rôle porté par version_contact.";Suppression sans impact sur les écrans confirmés.;Vérifier absence de consommateur externe.;ÉLEVÉE;Migration uniquement ou aucun usage métier confirmé;Candidate à archivage/suppression après vérification externe;Code Symfony + create_copy.sql + captures SSMS + mail/cahier de besoins
fabricant_contact;est_principal;BIT;SUPPRIMER;;;SUPPRIMER_AVEC_TABLE;"Ne pas migrer cette colonne ; archiver le contenu brut avant retrait définitif.";"Table vide et besoin non confirmé ; le contact fabricant est un rôle porté par version_contact.";Suppression sans impact sur les écrans confirmés.;Vérifier absence de consommateur externe.;ÉLEVÉE;Migration uniquement ou aucun usage métier confirmé;Candidate à archivage/suppression après vérification externe;Code Symfony + create_copy.sql + captures SSMS + mail/cahier de besoins
fabricant_contact;date_debut;DATE;SUPPRIMER;;;SUPPRIMER_AVEC_TABLE;"Ne pas migrer cette colonne ; archiver le contenu brut avant retrait définitif.";"Table vide et besoin non confirmé ; le contact fabricant est un rôle porté par version_contact.";Suppression sans impact sur les écrans confirmés.;Vérifier absence de consommateur externe.;ÉLEVÉE;Migration uniquement ou aucun usage métier confirmé;Candidate à archivage/suppression après vérification externe;Code Symfony + create_copy.sql + captures SSMS + mail/cahier de besoins
fabricant_contact;date_fin;DATE;SUPPRIMER;;;SUPPRIMER_AVEC_TABLE;"Ne pas migrer cette colonne ; archiver le contenu brut avant retrait définitif.";"Table vide et besoin non confirmé ; le contact fabricant est un rôle porté par version_contact.";Suppression sans impact sur les écrans confirmés.;Vérifier absence de consommateur externe.;ÉLEVÉE;Migration uniquement ou aucun usage métier confirmé;Candidate à archivage/suppression après vérification externe;Code Symfony + create_copy.sql + captures SSMS + mail/cahier de besoins
fabricant_contact;date_creation;DATETIME2(0);SUPPRIMER;;;SUPPRIMER_AVEC_TABLE;"Ne pas migrer cette colonne ; archiver le contenu brut avant retrait définitif.";"Table vide et besoin non confirmé ; le contact fabricant est un rôle porté par version_contact.";Suppression sans impact sur les écrans confirmés.;Vérifier absence de consommateur externe.;ÉLEVÉE;Migration uniquement ou aucun usage métier confirmé;Candidate à archivage/suppression après vérification externe;Code Symfony + create_copy.sql + captures SSMS + mail/cahier de besoins
application_contact;id;BIGINT;SUPPRIMER;;;SUPPRIMER_AVEC_TABLE;"Ne pas migrer cette colonne ; archiver le contenu brut avant retrait définitif.";"Table vide ; la décision métier demande une historisation des contacts par version.";Suppression sans impact sur les écrans confirmés.;Vérifier absence de consommateur externe.;ÉLEVÉE;Utilisée ou nécessaire à une table utilisée;Conserver;Code Symfony + create_copy.sql + captures SSMS + mail/cahier de besoins
application_contact;application_id;BIGINT;SUPPRIMER;;;SUPPRIMER_AVEC_TABLE;"Ne pas migrer cette colonne ; archiver le contenu brut avant retrait définitif.";"Table vide ; la décision métier demande une historisation des contacts par version.";Suppression sans impact sur les écrans confirmés.;Vérifier absence de consommateur externe.;ÉLEVÉE;Utilisée ou nécessaire à une table utilisée;Conserver;Code Symfony + create_copy.sql + captures SSMS + mail/cahier de besoins
application_contact;contact_id;BIGINT;SUPPRIMER;;;SUPPRIMER_AVEC_TABLE;"Ne pas migrer cette colonne ; archiver le contenu brut avant retrait définitif.";"Table vide ; la décision métier demande une historisation des contacts par version.";Suppression sans impact sur les écrans confirmés.;Vérifier absence de consommateur externe.;ÉLEVÉE;Utilisée ou nécessaire à une table utilisée;Conserver;Code Symfony + create_copy.sql + captures SSMS + mail/cahier de besoins
application_contact;role_contact_id;BIGINT;SUPPRIMER;;;SUPPRIMER_AVEC_TABLE;"Ne pas migrer cette colonne ; archiver le contenu brut avant retrait définitif.";"Table vide ; la décision métier demande une historisation des contacts par version.";Suppression sans impact sur les écrans confirmés.;Vérifier absence de consommateur externe.;ÉLEVÉE;Utilisée ou nécessaire à une table utilisée;Conserver;Code Symfony + create_copy.sql + captures SSMS + mail/cahier de besoins
application_contact;est_principal;BIT;SUPPRIMER;;;SUPPRIMER_AVEC_TABLE;"Ne pas migrer cette colonne ; archiver le contenu brut avant retrait définitif.";"Table vide ; la décision métier demande une historisation des contacts par version.";Suppression sans impact sur les écrans confirmés.;Vérifier absence de consommateur externe.;ÉLEVÉE;Utilisée ou nécessaire à une table utilisée;Conserver;Code Symfony + create_copy.sql + captures SSMS + mail/cahier de besoins
application_contact;date_debut;DATE;SUPPRIMER;;;SUPPRIMER_AVEC_TABLE;"Ne pas migrer cette colonne ; archiver le contenu brut avant retrait définitif.";"Table vide ; la décision métier demande une historisation des contacts par version.";Suppression sans impact sur les écrans confirmés.;Vérifier absence de consommateur externe.;ÉLEVÉE;Utilisée ou nécessaire à une table utilisée;Conserver;Code Symfony + create_copy.sql + captures SSMS + mail/cahier de besoins
application_contact;date_fin;DATE;SUPPRIMER;;;SUPPRIMER_AVEC_TABLE;"Ne pas migrer cette colonne ; archiver le contenu brut avant retrait définitif.";"Table vide ; la décision métier demande une historisation des contacts par version.";Suppression sans impact sur les écrans confirmés.;Vérifier absence de consommateur externe.;ÉLEVÉE;Utilisée ou nécessaire à une table utilisée;Conserver;Code Symfony + create_copy.sql + captures SSMS + mail/cahier de besoins
application_contact;date_creation;DATETIME2(0);SUPPRIMER;;;SUPPRIMER_AVEC_TABLE;"Ne pas migrer cette colonne ; archiver le contenu brut avant retrait définitif.";"Table vide ; la décision métier demande une historisation des contacts par version.";Suppression sans impact sur les écrans confirmés.;Vérifier absence de consommateur externe.;ÉLEVÉE;Utilisée ou nécessaire à une table utilisée;Conserver;Code Symfony + create_copy.sql + captures SSMS + mail/cahier de besoins
version_contact;id;BIGINT;CONSERVER_ET_RENOMMER_COLONNES;version_contact;id;CONSERVER;Copie directe avec contrôle des doublons.;Structure conforme au besoin.;Aucun impact écran si le mapping applicatif est adapté.;Valider en recette fonctionnelle.;ÉLEVÉE;Utilisée ou nécessaire à une table utilisée;Conserver;Code Symfony + create_copy.sql + captures SSMS + mail/cahier de besoins
version_contact;version_id;BIGINT;CONSERVER_ET_RENOMMER_COLONNES;version_contact;version_id;CONSERVER;Copie directe avec contrôle des doublons.;Structure conforme au besoin.;Aucun impact écran si le mapping applicatif est adapté.;Valider en recette fonctionnelle.;ÉLEVÉE;Utilisée ou nécessaire à une table utilisée;Conserver;Code Symfony + create_copy.sql + captures SSMS + mail/cahier de besoins
version_contact;contact_id;BIGINT;CONSERVER_ET_RENOMMER_COLONNES;version_contact;contact_id;CONSERVER;Copie directe avec contrôle des doublons.;Structure conforme au besoin.;Aucun impact écran si le mapping applicatif est adapté.;Valider en recette fonctionnelle.;ÉLEVÉE;Utilisée ou nécessaire à une table utilisée;Conserver;Code Symfony + create_copy.sql + captures SSMS + mail/cahier de besoins
version_contact;role_contact_id;BIGINT;CONSERVER_ET_RENOMMER_COLONNES;version_contact;role_contact_id;CONSERVER;Copie directe avec contrôle des doublons.;Structure conforme au besoin.;Aucun impact écran si le mapping applicatif est adapté.;Valider en recette fonctionnelle.;ÉLEVÉE;Utilisée ou nécessaire à une table utilisée;Conserver;Code Symfony + create_copy.sql + captures SSMS + mail/cahier de besoins
version_contact;est_principal;BIT;CONSERVER_ET_RENOMMER_COLONNES;version_contact;est_principal;CONSERVER;Copie directe avec contrôle des doublons.;Structure conforme au besoin.;Aucun impact écran si le mapping applicatif est adapté.;Valider en recette fonctionnelle.;ÉLEVÉE;Utilisée ou nécessaire à une table utilisée;Conserver;Code Symfony + create_copy.sql + captures SSMS + mail/cahier de besoins
version_contact;date_debut;DATE;CONSERVER_ET_RENOMMER_COLONNES;version_contact;debut_le;RENOMMER;Copie directe.;Convention date événement.;Aucun impact écran si le mapping applicatif est adapté.;Valider en recette fonctionnelle.;ÉLEVÉE;Utilisée ou nécessaire à une table utilisée;Conserver;Code Symfony + create_copy.sql + captures SSMS + mail/cahier de besoins
version_contact;date_fin;DATE;CONSERVER_ET_RENOMMER_COLONNES;version_contact;fin_le;RENOMMER;Copie directe.;Convention date événement.;Aucun impact écran si le mapping applicatif est adapté.;Valider en recette fonctionnelle.;ÉLEVÉE;Utilisée ou nécessaire à une table utilisée;Conserver;Code Symfony + create_copy.sql + captures SSMS + mail/cahier de besoins
version_contact;date_creation;DATETIME2(0);CONSERVER_ET_RENOMMER_COLONNES;version_contact;cree_le;RENOMMER;Copie directe.;Audit homogène.;Aucun impact écran si le mapping applicatif est adapté.;Valider en recette fonctionnelle.;ÉLEVÉE;Utilisée ou nécessaire à une table utilisée;Conserver;Code Symfony + create_copy.sql + captures SSMS + mail/cahier de besoins
application_dependance;id;BIGINT;RENOMMER_ET_CONSERVER;dependance_application;id;RENOMMER_TABLE;"Copie si des données existent ; sinon créer la structure vide.";Besoin obligatoire confirmé.;Aucun impact écran si le mapping applicatif est adapté.;Valider en recette fonctionnelle.;ÉLEVÉE;Migration uniquement ou aucun usage métier confirmé;Candidate à archivage/suppression après vérification externe;Code Symfony + create_copy.sql + captures SSMS + mail/cahier de besoins
application_dependance;application_source_id;BIGINT;RENOMMER_ET_CONSERVER;dependance_application;application_source_id;RENOMMER_TABLE;"Copie si des données existent ; sinon créer la structure vide.";Besoin obligatoire confirmé.;Aucun impact écran si le mapping applicatif est adapté.;Valider en recette fonctionnelle.;ÉLEVÉE;Migration uniquement ou aucun usage métier confirmé;Candidate à archivage/suppression après vérification externe;Code Symfony + create_copy.sql + captures SSMS + mail/cahier de besoins
application_dependance;application_cible_id;BIGINT;RENOMMER_ET_CONSERVER;dependance_application;application_cible_id;RENOMMER_TABLE;"Copie si des données existent ; sinon créer la structure vide.";Besoin obligatoire confirmé.;Aucun impact écran si le mapping applicatif est adapté.;Valider en recette fonctionnelle.;ÉLEVÉE;Migration uniquement ou aucun usage métier confirmé;Candidate à archivage/suppression après vérification externe;Code Symfony + create_copy.sql + captures SSMS + mail/cahier de besoins
application_dependance;type_dependance_id;BIGINT;RENOMMER_ET_CONSERVER;dependance_application;type_dependance;REMODELER;Remplacer la FK non matérialisée par un code contrôlé ou créer type_dependance si plusieurs valeurs sont confirmées.;Évite une FK orpheline.;Aucun impact écran si le mapping applicatif est adapté.;Valider en recette fonctionnelle.;ÉLEVÉE;Migration uniquement ou aucun usage métier confirmé;Candidate à archivage/suppression après vérification externe;Code Symfony + create_copy.sql + captures SSMS + mail/cahier de besoins
application_dependance;commentaire;NVARCHAR(1000);RENOMMER_ET_CONSERVER;dependance_application;commentaire;RENOMMER_TABLE;"Copie si des données existent ; sinon créer la structure vide.";Besoin obligatoire confirmé.;Aucun impact écran si le mapping applicatif est adapté.;Valider en recette fonctionnelle.;ÉLEVÉE;Migration uniquement ou aucun usage métier confirmé;Candidate à archivage/suppression après vérification externe;Code Symfony + create_copy.sql + captures SSMS + mail/cahier de besoins
application_dependance;date_creation;DATETIME2(0);RENOMMER_ET_CONSERVER;dependance_application;cree_le;RENOMMER;Copie directe.;Audit homogène.;Aucun impact écran si le mapping applicatif est adapté.;Valider en recette fonctionnelle.;ÉLEVÉE;Migration uniquement ou aucun usage métier confirmé;Candidate à archivage/suppression après vérification externe;Code Symfony + create_copy.sql + captures SSMS + mail/cahier de besoins
version_langage;version_id;BIGINT;CONSERVER_ET_ENRICHIR;version_langage;version_id;CONSERVER;Alimenter à partir des technologies historiques et des saisies futures.;Association métier demandée.;Aucun impact écran si le mapping applicatif est adapté.;Valider en recette fonctionnelle.;ÉLEVÉE;Migration uniquement ou aucun usage métier confirmé;Candidate à archivage/suppression après vérification externe;Code Symfony + create_copy.sql + captures SSMS + mail/cahier de besoins
version_langage;langage_id;BIGINT;CONSERVER_ET_ENRICHIR;version_langage;langage_id;CONSERVER;Remapper vers langage_programmation.;Association métier demandée.;Aucun impact écran si le mapping applicatif est adapté.;Valider en recette fonctionnelle.;ÉLEVÉE;Migration uniquement ou aucun usage métier confirmé;Candidate à archivage/suppression après vérification externe;Code Symfony + create_copy.sql + captures SSMS + mail/cahier de besoins
version_langage;date_creation;DATETIME2(0);CONSERVER_ET_ENRICHIR;version_langage;cree_le;RENOMMER;Copie directe ou date de migration.;Audit homogène.;Aucun impact écran si le mapping applicatif est adapté.;Valider en recette fonctionnelle.;ÉLEVÉE;Migration uniquement ou aucun usage métier confirmé;Candidate à archivage/suppression après vérification externe;Code Symfony + create_copy.sql + captures SSMS + mail/cahier de besoins
historique_application;id;BIGINT;REMPLACER;journal_modification;id;REMPLACER_TABLE;Nouvelle identité.;Journal unifié application/version.;Aucun impact écran si le mapping applicatif est adapté.;Valider en recette fonctionnelle.;ÉLEVÉE;Utilisée ou nécessaire à une table utilisée;Conserver;Code Symfony + create_copy.sql + captures SSMS + mail/cahier de besoins
historique_application;application_id;BIGINT;REMPLACER;journal_modification;application_id;CONSERVER;Copie si données présentes.;Conserve le périmètre.;Aucun impact écran si le mapping applicatif est adapté.;Valider en recette fonctionnelle.;ÉLEVÉE;Utilisée ou nécessaire à une table utilisée;Conserver;Code Symfony + create_copy.sql + captures SSMS + mail/cahier de besoins
historique_application;type_evenement;NVARCHAR(100);REMPLACER;journal_modification;action;RENOMMER_RECODER;Mapper sur une liste contrôlée d’actions.;Journal lisible.;Aucun impact écran si le mapping applicatif est adapté.;Valider en recette fonctionnelle.;ÉLEVÉE;Utilisée ou nécessaire à une table utilisée;Conserver;Code Symfony + create_copy.sql + captures SSMS + mail/cahier de besoins
historique_application;ancienne_valeur;NVARCHAR(MAX);REMPLACER;journal_modification;donnees_avant;CONVERTIR_JSON;Convertir en JSON seulement si des valeurs existent et sont exploitables.;Audit structuré plutôt que texte ambigu.;Aucun impact écran si le mapping applicatif est adapté.;Valider en recette fonctionnelle.;ÉLEVÉE;Aucun usage métier confirmé;Candidate à suppression après validation fonctionnelle;Code Symfony + create_copy.sql + captures SSMS + mail/cahier de besoins
historique_application;nouvelle_valeur;NVARCHAR(MAX);REMPLACER;journal_modification;donnees_apres;CONVERTIR_JSON;Convertir en JSON seulement si exploitable.;Audit structuré.;Aucun impact écran si le mapping applicatif est adapté.;Valider en recette fonctionnelle.;ÉLEVÉE;Aucun usage métier confirmé;Candidate à suppression après validation fonctionnelle;Code Symfony + create_copy.sql + captures SSMS + mail/cahier de besoins
historique_application;commentaire;NVARCHAR(MAX);REMPLACER;journal_modification;commentaire;CONSERVER;Copie directe.;Besoin écran journal.;Aucun impact écran si le mapping applicatif est adapté.;Valider en recette fonctionnelle.;ÉLEVÉE;Utilisée ou nécessaire à une table utilisée;Conserver;Code Symfony + create_copy.sql + captures SSMS + mail/cahier de besoins
historique_application;utilisateur_id;BIGINT;REMPLACER;journal_modification;administrateur_id;RENOMMER;Remapper vers administrateur.;Auteur de l’action.;Aucun impact écran si le mapping applicatif est adapté.;Valider en recette fonctionnelle.;ÉLEVÉE;Aucun usage métier confirmé;Candidate à suppression après validation fonctionnelle;Code Symfony + create_copy.sql + captures SSMS + mail/cahier de besoins
historique_application;date_evenement;DATETIME2(0);REMPLACER;journal_modification;cree_le;RENOMMER;Copie directe.;Horodatage standard.;Aucun impact écran si le mapping applicatif est adapté.;Valider en recette fonctionnelle.;ÉLEVÉE;Utilisée ou nécessaire à une table utilisée;Conserver;Code Symfony + create_copy.sql + captures SSMS + mail/cahier de besoins
application_document;id;BIGINT;FUSIONNER;document;id;FUSIONNER;Recréer les identifiants ou conserver avec décalage contrôlé.;Gestion documentaire unifiée.;Aucun impact écran si le mapping applicatif est adapté.;Valider en recette fonctionnelle.;ÉLEVÉE;Utilisée ou nécessaire à une table utilisée;Conserver;Code Symfony + create_copy.sql + captures SSMS + mail/cahier de besoins
application_document;application_id;BIGINT;FUSIONNER;document;application_id;FUSIONNER;Copie directe.;Conserve la portée du document.;Aucun impact écran si le mapping applicatif est adapté.;Valider en recette fonctionnelle.;ÉLEVÉE;Utilisée ou nécessaire à une table utilisée;Conserver;Code Symfony + create_copy.sql + captures SSMS + mail/cahier de besoins
application_document;type;NVARCHAR(100);FUSIONNER;document;categorie;RENOMMER;Normaliser via un référentiel type_document si plusieurs valeurs apparaissent.;Évite un texte libre incohérent.;Aucun impact écran si le mapping applicatif est adapté.;Valider en recette fonctionnelle.;ÉLEVÉE;Utilisée ou nécessaire à une table utilisée;Conserver;Code Symfony + create_copy.sql + captures SSMS + mail/cahier de besoins
application_document;name;NVARCHAR(255);FUSIONNER;document;nom_fichier;RENOMMER;Copie directe.;Nom français cohérent.;Aucun impact écran si le mapping applicatif est adapté.;Valider en recette fonctionnelle.;ÉLEVÉE;Utilisée ou nécessaire à une table utilisée;Conserver;Code Symfony + create_copy.sql + captures SSMS + mail/cahier de besoins
application_document;storage_path;NVARCHAR(512);FUSIONNER;document;chemin_stockage;RENOMMER;Copie directe après validation de l’existence du fichier.;Nom français cohérent.;Aucun impact écran si le mapping applicatif est adapté.;Valider en recette fonctionnelle.;ÉLEVÉE;Utilisée ou nécessaire à une table utilisée;Conserver;Code Symfony + create_copy.sql + captures SSMS + mail/cahier de besoins
application_document;date_creation;DATETIME2(0);FUSIONNER;document;cree_le;RENOMMER;Copie directe.;Audit homogène.;Aucun impact écran si le mapping applicatif est adapté.;Valider en recette fonctionnelle.;ÉLEVÉE;Utilisée ou nécessaire à une table utilisée;Conserver;Code Symfony + create_copy.sql + captures SSMS + mail/cahier de besoins
version_document;id;BIGINT;FUSIONNER;document;id;FUSIONNER;Recréer les identifiants ou conserver avec décalage contrôlé.;Gestion documentaire unifiée.;Aucun impact écran si le mapping applicatif est adapté.;Valider en recette fonctionnelle.;ÉLEVÉE;Utilisée ou nécessaire à une table utilisée;Conserver;Code Symfony + create_copy.sql + captures SSMS + mail/cahier de besoins
version_document;version_id;BIGINT;FUSIONNER;document;version_id;FUSIONNER;Copie directe.;Conserve la portée du document.;Aucun impact écran si le mapping applicatif est adapté.;Valider en recette fonctionnelle.;ÉLEVÉE;Utilisée ou nécessaire à une table utilisée;Conserver;Code Symfony + create_copy.sql + captures SSMS + mail/cahier de besoins
version_document;type;NVARCHAR(100);FUSIONNER;document;categorie;RENOMMER;Normaliser via un référentiel type_document si plusieurs valeurs apparaissent.;Évite un texte libre incohérent.;Aucun impact écran si le mapping applicatif est adapté.;Valider en recette fonctionnelle.;ÉLEVÉE;Utilisée ou nécessaire à une table utilisée;Conserver;Code Symfony + create_copy.sql + captures SSMS + mail/cahier de besoins
version_document;name;NVARCHAR(255);FUSIONNER;document;nom_fichier;RENOMMER;Copie directe.;Nom français cohérent.;Aucun impact écran si le mapping applicatif est adapté.;Valider en recette fonctionnelle.;ÉLEVÉE;Utilisée ou nécessaire à une table utilisée;Conserver;Code Symfony + create_copy.sql + captures SSMS + mail/cahier de besoins
version_document;storage_path;NVARCHAR(512);FUSIONNER;document;chemin_stockage;RENOMMER;Copie directe après validation de l’existence du fichier.;Nom français cohérent.;Aucun impact écran si le mapping applicatif est adapté.;Valider en recette fonctionnelle.;ÉLEVÉE;Utilisée ou nécessaire à une table utilisée;Conserver;Code Symfony + create_copy.sql + captures SSMS + mail/cahier de besoins
version_document;date_creation;DATETIME2(0);FUSIONNER;document;cree_le;RENOMMER;Copie directe.;Audit homogène.;Aucun impact écran si le mapping applicatif est adapté.;Valider en recette fonctionnelle.;ÉLEVÉE;Utilisée ou nécessaire à une table utilisée;Conserver;Code Symfony + create_copy.sql + captures SSMS + mail/cahier de besoins
listes_diffusion;id;BIGINT;SUPPRIMER;;;SUPPRIMER_AVEC_TABLE;"Ne pas migrer cette colonne ; archiver le contenu brut avant retrait définitif.";Périmètre explicitement retiré et table vide.;Suppression sans impact sur les écrans confirmés.;Vérifier absence de consommateur externe.;ÉLEVÉE;Utilisée ou nécessaire à une table utilisée;Conserver;Code Symfony + create_copy.sql + captures SSMS + mail/cahier de besoins
listes_diffusion;nom;NVARCHAR(300);SUPPRIMER;;;SUPPRIMER_AVEC_TABLE;"Ne pas migrer cette colonne ; archiver le contenu brut avant retrait définitif.";Périmètre explicitement retiré et table vide.;Suppression sans impact sur les écrans confirmés.;Vérifier absence de consommateur externe.;ÉLEVÉE;Utilisée ou nécessaire à une table utilisée;Conserver;Code Symfony + create_copy.sql + captures SSMS + mail/cahier de besoins
listes_diffusion;commentaire;NVARCHAR(2000);SUPPRIMER;;;SUPPRIMER_AVEC_TABLE;"Ne pas migrer cette colonne ; archiver le contenu brut avant retrait définitif.";Périmètre explicitement retiré et table vide.;Suppression sans impact sur les écrans confirmés.;Vérifier absence de consommateur externe.;ÉLEVÉE;Utilisée ou nécessaire à une table utilisée;Conserver;Code Symfony + create_copy.sql + captures SSMS + mail/cahier de besoins
listes_diffusion;date_creation;DATETIME2(0);SUPPRIMER;;;SUPPRIMER_AVEC_TABLE;"Ne pas migrer cette colonne ; archiver le contenu brut avant retrait définitif.";Périmètre explicitement retiré et table vide.;Suppression sans impact sur les écrans confirmés.;Vérifier absence de consommateur externe.;ÉLEVÉE;Utilisée ou nécessaire à une table utilisée;Conserver;Code Symfony + create_copy.sql + captures SSMS + mail/cahier de besoins
liaison_liste_diffusion_contact;liste_diffusion_id;BIGINT;SUPPRIMER;;;SUPPRIMER_AVEC_TABLE;"Ne pas migrer cette colonne ; archiver le contenu brut avant retrait définitif.";Dépend du périmètre listes de diffusion, explicitement retiré.;Suppression sans impact sur les écrans confirmés.;Vérifier absence de consommateur externe.;ÉLEVÉE;Utilisée ou nécessaire à une table utilisée;Conserver;Code Symfony + create_copy.sql + captures SSMS + mail/cahier de besoins
liaison_liste_diffusion_contact;contact_id;BIGINT;SUPPRIMER;;;SUPPRIMER_AVEC_TABLE;"Ne pas migrer cette colonne ; archiver le contenu brut avant retrait définitif.";Dépend du périmètre listes de diffusion, explicitement retiré.;Suppression sans impact sur les écrans confirmés.;Vérifier absence de consommateur externe.;ÉLEVÉE;Utilisée ou nécessaire à une table utilisée;Conserver;Code Symfony + create_copy.sql + captures SSMS + mail/cahier de besoins
liaison_liste_diffusion_contact;date_creation;DATETIME2(0);SUPPRIMER;;;SUPPRIMER_AVEC_TABLE;"Ne pas migrer cette colonne ; archiver le contenu brut avant retrait définitif.";Dépend du périmètre listes de diffusion, explicitement retiré.;Suppression sans impact sur les écrans confirmés.;Vérifier absence de consommateur externe.;ÉLEVÉE;Utilisée ou nécessaire à une table utilisée;Conserver;Code Symfony + create_copy.sql + captures SSMS + mail/cahier de besoins
incident_lecture_donnees;id;BIGINT;RENOMMER_ET_CONSERVER;incident_technique;id;RENOMMER_ET_CONSERVER;Copie directe avec purge des données trop anciennes.;Journal technique utile au support.;Aucun impact métier.;Définir une rétention et masquer les données sensibles.;ÉLEVÉE;Utilisée ou nécessaire à une table utilisée;Conserver;Code Symfony + create_copy.sql + captures SSMS + mail/cahier de besoins
incident_lecture_donnees;scope;NVARCHAR(100);RENOMMER_ET_CONSERVER;incident_technique;perimetre;RENOMMER_ET_CONSERVER;Copie directe avec purge des données trop anciennes.;Journal technique utile au support.;Aucun impact métier.;Définir une rétention et masquer les données sensibles.;ÉLEVÉE;Utilisée ou nécessaire à une table utilisée;Conserver;Code Symfony + create_copy.sql + captures SSMS + mail/cahier de besoins
incident_lecture_donnees;severity;NVARCHAR(20);RENOMMER_ET_CONSERVER;incident_technique;niveau;RENOMMER_ET_CONSERVER;Copie directe avec purge des données trop anciennes.;Journal technique utile au support.;Aucun impact métier.;Définir une rétention et masquer les données sensibles.;ÉLEVÉE;Utilisée ou nécessaire à une table utilisée;Conserver;Code Symfony + create_copy.sql + captures SSMS + mail/cahier de besoins
incident_lecture_donnees;error_type;NVARCHAR(255);RENOMMER_ET_CONSERVER;incident_technique;type_erreur;RENOMMER_ET_CONSERVER;Copie directe avec purge des données trop anciennes.;Journal technique utile au support.;Aucun impact métier.;Définir une rétention et masquer les données sensibles.;ÉLEVÉE;Utilisée ou nécessaire à une table utilisée;Conserver;Code Symfony + create_copy.sql + captures SSMS + mail/cahier de besoins
incident_lecture_donnees;message;NVARCHAR(2000);RENOMMER_ET_CONSERVER;incident_technique;message;RENOMMER_ET_CONSERVER;Copie directe avec purge des données trop anciennes.;Journal technique utile au support.;Aucun impact métier.;Définir une rétention et masquer les données sensibles.;ÉLEVÉE;Utilisée ou nécessaire à une table utilisée;Conserver;Code Symfony + create_copy.sql + captures SSMS + mail/cahier de besoins
incident_lecture_donnees;details;NVARCHAR(MAX);RENOMMER_ET_CONSERVER;incident_technique;details;RENOMMER_ET_CONSERVER;Copie directe avec purge des données trop anciennes.;Journal technique utile au support.;Aucun impact métier.;Définir une rétention et masquer les données sensibles.;ÉLEVÉE;Utilisée ou nécessaire à une table utilisée;Conserver;Code Symfony + create_copy.sql + captures SSMS + mail/cahier de besoins
incident_lecture_donnees;db_available;BIT;RENOMMER_ET_CONSERVER;incident_technique;base_disponible;RENOMMER_ET_CONSERVER;Copie directe avec purge des données trop anciennes.;Journal technique utile au support.;Aucun impact métier.;Définir une rétention et masquer les données sensibles.;ÉLEVÉE;Utilisée ou nécessaire à une table utilisée;Conserver;Code Symfony + create_copy.sql + captures SSMS + mail/cahier de besoins
incident_lecture_donnees;redis_hit;BIT;RENOMMER_ET_CONSERVER;incident_technique;cache_utilise;RENOMMER_ET_CONSERVER;Copie directe avec purge des données trop anciennes.;Journal technique utile au support.;Aucun impact métier.;Définir une rétention et masquer les données sensibles.;ÉLEVÉE;Utilisée ou nécessaire à une table utilisée;Conserver;Code Symfony + create_copy.sql + captures SSMS + mail/cahier de besoins
incident_lecture_donnees;cached_at;DATETIME2(0);RENOMMER_ET_CONSERVER;incident_technique;donnees_cachees_le;RENOMMER_ET_CONSERVER;Copie directe avec purge des données trop anciennes.;Journal technique utile au support.;Aucun impact métier.;Définir une rétention et masquer les données sensibles.;ÉLEVÉE;Utilisée ou nécessaire à une table utilisée;Conserver;Code Symfony + create_copy.sql + captures SSMS + mail/cahier de besoins
incident_lecture_donnees;created_at;DATETIME2(0);RENOMMER_ET_CONSERVER;incident_technique;cree_le;RENOMMER_ET_CONSERVER;Copie directe avec purge des données trop anciennes.;Journal technique utile au support.;Aucun impact métier.;Définir une rétention et masquer les données sensibles.;ÉLEVÉE;Utilisée ou nécessaire à une table utilisée;Conserver;Code Symfony + create_copy.sql + captures SSMS + mail/cahier de besoins
login_trace;id;BIGINT;RENOMMER_ET_CONSERVER;trace_connexion;id;RENOMMER_ET_CONSERVER;Copie directe avec purge selon rétention.;Traçabilité des connexions.;Aucun impact métier.;Valider RGPD et durée de conservation.;ÉLEVÉE;Utilisée ou nécessaire à une table utilisée;Conserver;Code Symfony + create_copy.sql + captures SSMS + mail/cahier de besoins
login_trace;login_utilisateur;NVARCHAR(150);RENOMMER_ET_CONSERVER;trace_connexion;identifiant;RENOMMER_ET_CONSERVER;Copie directe avec purge selon rétention.;Traçabilité des connexions.;Aucun impact métier.;Valider RGPD et durée de conservation.;ÉLEVÉE;Utilisée ou nécessaire à une table utilisée;Conserver;Code Symfony + create_copy.sql + captures SSMS + mail/cahier de besoins
login_trace;login_date_time;DATETIME2(6);RENOMMER_ET_CONSERVER;trace_connexion;connecte_le;RENOMMER_ET_CONSERVER;Copie directe avec purge selon rétention.;Traçabilité des connexions.;Aucun impact métier.;Valider RGPD et durée de conservation.;ÉLEVÉE;Utilisée ou nécessaire à une table utilisée;Conserver;Code Symfony + create_copy.sql + captures SSMS + mail/cahier de besoins
login_trace;ip_address;NVARCHAR(64);RENOMMER_ET_CONSERVER;trace_connexion;adresse_ip;RENOMMER_ET_CONSERVER;Copie directe avec purge selon rétention.;Traçabilité des connexions.;Aucun impact métier.;Valider RGPD et durée de conservation.;ÉLEVÉE;Utilisée ou nécessaire à une table utilisée;Conserver;Code Symfony + create_copy.sql + captures SSMS + mail/cahier de besoins
login_trace;user_agent;NVARCHAR(512);RENOMMER_ET_CONSERVER;trace_connexion;agent_utilisateur;RENOMMER_ET_CONSERVER;Copie directe avec purge selon rétention.;Traçabilité des connexions.;Aucun impact métier.;Valider RGPD et durée de conservation.;ÉLEVÉE;Utilisée ou nécessaire à une table utilisée;Conserver;Code Symfony + create_copy.sql + captures SSMS + mail/cahier de besoins
login_trace;success;BIT;RENOMMER_ET_CONSERVER;trace_connexion;est_reussie;RENOMMER_ET_CONSERVER;Copie directe avec purge selon rétention.;Traçabilité des connexions.;Aucun impact métier.;Valider RGPD et durée de conservation.;ÉLEVÉE;Utilisée ou nécessaire à une table utilisée;Conserver;Code Symfony + create_copy.sql + captures SSMS + mail/cahier de besoins
login_trace;redirect_path;NVARCHAR(255);RENOMMER_ET_CONSERVER;trace_connexion;chemin_redirection;RENOMMER_ET_CONSERVER;Copie directe avec purge selon rétention.;Traçabilité des connexions.;Aucun impact métier.;Valider RGPD et durée de conservation.;ÉLEVÉE;Utilisée ou nécessaire à une table utilisée;Conserver;Code Symfony + create_copy.sql + captures SSMS + mail/cahier de besoins
version_application;entite_rmn;NVARCHAR;REMPLACER_ET_ECLATER;version_contact;contact/role;DEPLACER_NORMALISER;Créer/rapprocher le contact et l’affecter au rôle métier correspondant.;Responsabilité historique stockée en texte dans la grosse table.;Le champ reste disponible via la fiche Version ou une section spécialisée.;Profilage des valeurs réelles et validation métier avant migration automatique.;MOYENNE;Colonne visible dans la base réelle/captures, absente du create_copy.sql simplifié;Normaliser;Captures SSMS de version_application
version_application;nom_prenom_rmn;NVARCHAR;REMPLACER_ET_ECLATER;version_contact;contact_id;DEPLACER_NORMALISER;Découper/nettoyer les noms puis rapprocher contact par matricule/email ou revue manuelle.;Les personnes doivent être des contacts, pas des colonnes texte.;Le champ reste disponible via la fiche Version ou une section spécialisée.;Profilage des valeurs réelles et validation métier avant migration automatique.;MOYENNE;Colonne visible dans la base réelle/captures, absente du create_copy.sql simplifié;Normaliser;Captures SSMS de version_application
version_application;entite_rtp;NVARCHAR;REMPLACER_ET_ECLATER;version_contact;contact/role;DEPLACER_NORMALISER;Affecter le rôle RTN/RTP selon le dictionnaire validé.;Responsabilités historisées par version.;Le champ reste disponible via la fiche Version ou une section spécialisée.;Profilage des valeurs réelles et validation métier avant migration automatique.;MOYENNE;Colonne visible dans la base réelle/captures, absente du create_copy.sql simplifié;Normaliser;Captures SSMS de version_application
version_application;nom_prenom_rtp;NVARCHAR;REMPLACER_ET_ECLATER;version_contact;contact_id;DEPLACER_NORMALISER;Rapprochement contact avec rapport d’ambiguïtés.;Évite les noms libres et les doublons.;Le champ reste disponible via la fiche Version ou une section spécialisée.;Profilage des valeurs réelles et validation métier avant migration automatique.;MOYENNE;Colonne visible dans la base réelle/captures, absente du create_copy.sql simplifié;Normaliser;Captures SSMS de version_application
version_application;date_debut_realisation;DATE;REMPLACER_ET_ECLATER;version_jalon;date_jalon;DEPLACER;Créer un jalon DEBUT_REALISATION.;Les jalons variables ne doivent pas multiplier les colonnes.;Le champ reste disponible via la fiche Version ou une section spécialisée.;Profilage des valeurs réelles et validation métier avant migration automatique.;MOYENNE;Colonne visible dans la base réelle/captures, absente du create_copy.sql simplifié;Normaliser;Captures SSMS de version_application
version_application;date_fin_realisation;DATE;REMPLACER_ET_ECLATER;version_jalon;date_jalon;DEPLACER;Créer un jalon FIN_REALISATION.;Normalisation des dates de cycle.;Le champ reste disponible via la fiche Version ou une section spécialisée.;Profilage des valeurs réelles et validation métier avant migration automatique.;MOYENNE;Colonne visible dans la base réelle/captures, absente du create_copy.sql simplifié;Normaliser;Captures SSMS de version_application
version_application;date_debut_homologation;DATE;REMPLACER_ET_ECLATER;version_jalon;date_jalon;DEPLACER;Créer un jalon DEBUT_HOMOLOGATION.;Normalisation des dates de cycle.;Le champ reste disponible via la fiche Version ou une section spécialisée.;Profilage des valeurs réelles et validation métier avant migration automatique.;MOYENNE;Colonne visible dans la base réelle/captures, absente du create_copy.sql simplifié;Normaliser;Captures SSMS de version_application
version_application;date_fin_homologation;DATE;REMPLACER_ET_ECLATER;version_jalon;date_jalon;DEPLACER;Créer un jalon FIN_HOMOLOGATION.;Normalisation des dates de cycle.;Le champ reste disponible via la fiche Version ou une section spécialisée.;Profilage des valeurs réelles et validation métier avant migration automatique.;MOYENNE;Colonne visible dans la base réelle/captures, absente du create_copy.sql simplifié;Normaliser;Captures SSMS de version_application
version_application;date_livraison_moe_peri;DATE;REMPLACER_ET_ECLATER;version_jalon;date_jalon;DEPLACER;Créer un jalon LIVRAISON_MOE.;Normalisation des dates de cycle.;Le champ reste disponible via la fiche Version ou une section spécialisée.;Profilage des valeurs réelles et validation métier avant migration automatique.;MOYENNE;Colonne visible dans la base réelle/captures, absente du create_copy.sql simplifié;Normaliser;Captures SSMS de version_application
version_application;date_livraison_39cr;DATE;REMPLACER_ET_ECLATER;version_jalon;date_jalon;DEPLACER;Créer un jalon MISE_A_DISPOSITION_CR ou alimenter deploiement_version.;Date liée au déploiement national.;Le champ reste disponible via la fiche Version ou une section spécialisée.;Profilage des valeurs réelles et validation métier avant migration automatique.;MOYENNE;Colonne visible dans la base réelle/captures, absente du create_copy.sql simplifié;Normaliser;Captures SSMS de version_application
version_application;numero_flash_pic;NVARCHAR;REMPLACER_ET_ECLATER;version;numero_flash_pic;CONSERVER_SI_ECRAN;Copier seulement si l’écran ou l’export l’affiche.;Donnée visible dans l’historique et potentiellement fonctionnelle.;Le champ reste disponible via la fiche Version ou une section spécialisée.;Profilage des valeurs réelles et validation métier avant migration automatique.;MOYENNE;Colonne visible dans la base réelle/captures, absente du create_copy.sql simplifié;Normaliser;Captures SSMS de version_application
version_application;quick_3270;BIT;REMPLACER_ET_ECLATER;version_technologie;technologie_id;DEPLACER;Créer/associer la technologie Quick 3270 lorsque la valeur est vraie.;Une technologie n’est pas une colonne booléenne.;Le champ reste disponible via la fiche Version ou une section spécialisée.;Profilage des valeurs réelles et validation métier avant migration automatique.;MOYENNE;Colonne visible dans la base réelle/captures, absente du create_copy.sql simplifié;Normaliser;Captures SSMS de version_application
version_application;sql_server;BIT;REMPLACER_ET_ECLATER;version_technologie;technologie_id;DEPLACER;Associer SQL Server, catégorie BASE_DONNEES.;Ne pas confondre langage et base de données.;Le champ reste disponible via la fiche Version ou une section spécialisée.;Profilage des valeurs réelles et validation métier avant migration automatique.;MOYENNE;Colonne visible dans la base réelle/captures, absente du create_copy.sql simplifié;Normaliser;Captures SSMS de version_application
version_application;satambo;BIT;REMPLACER_ET_ECLATER;version_technologie;technologie_id;DEPLACER;Associer SATAMBO, catégorie OUTIL.;Une technologie n’est pas une colonne booléenne.;Le champ reste disponible via la fiche Version ou une section spécialisée.;Profilage des valeurs réelles et validation métier avant migration automatique.;MOYENNE;Colonne visible dans la base réelle/captures, absente du create_copy.sql simplifié;Normaliser;Captures SSMS de version_application
version_application;ssis_dtx;BIT;REMPLACER_ET_ECLATER;version_technologie;technologie_id;DEPLACER;Associer SSIS/DTX, catégorie OUTIL_ETL.;Une technologie n’est pas une colonne booléenne.;Le champ reste disponible via la fiche Version ou une section spécialisée.;Profilage des valeurs réelles et validation métier avant migration automatique.;MOYENNE;Colonne visible dans la base réelle/captures, absente du create_copy.sql simplifié;Normaliser;Captures SSMS de version_application
version_application;detail_autre_techno;NVARCHAR;REMPLACER_ET_ECLATER;version_technologie;commentaire;ANALYSER_ET_ECLATER;"Parser les valeurs PHP, Access, Excel, HTML, CSS, etc., puis créer des associations ; conserver le reliquat en commentaire.";Texte multi-valeurs non normalisé.;Le champ reste disponible via la fiche Version ou une section spécialisée.;Profilage des valeurs réelles et validation métier avant migration automatique.;MOYENNE;Colonne visible dans la base réelle/captures, absente du create_copy.sql simplifié;Normaliser;Captures SSMS de version_application
version_application;autre_technologie_1;INT;REMPLACER_ET_ECLATER;version_technologie;technologie_id;DEPLACER;Remapper les codes historiques vers le référentiel technologie.;Colonnes répétitives 1..4 interdites en cible.;Le champ reste disponible via la fiche Version ou une section spécialisée.;Profilage des valeurs réelles et validation métier avant migration automatique.;MOYENNE;Colonne visible dans la base réelle/captures, absente du create_copy.sql simplifié;Normaliser;Captures SSMS de version_application
version_application;autre_technologie_2;INT;REMPLACER_ET_ECLATER;version_technologie;technologie_id;DEPLACER;Remapper les codes historiques vers le référentiel technologie.;Colonnes répétitives 1..4 interdites en cible.;Le champ reste disponible via la fiche Version ou une section spécialisée.;Profilage des valeurs réelles et validation métier avant migration automatique.;MOYENNE;Colonne visible dans la base réelle/captures, absente du create_copy.sql simplifié;Normaliser;Captures SSMS de version_application
version_application;autre_technologie_3;INT;REMPLACER_ET_ECLATER;version_technologie;technologie_id;DEPLACER;Remapper les codes historiques vers le référentiel technologie.;Colonnes répétitives 1..4 interdites en cible.;Le champ reste disponible via la fiche Version ou une section spécialisée.;Profilage des valeurs réelles et validation métier avant migration automatique.;MOYENNE;Colonne visible dans la base réelle/captures, absente du create_copy.sql simplifié;Normaliser;Captures SSMS de version_application
version_application;autre_technologie_4;INT;REMPLACER_ET_ECLATER;version_technologie;technologie_id;DEPLACER;Remapper les codes historiques vers le référentiel technologie.;Colonnes répétitives 1..4 interdites en cible.;Le champ reste disponible via la fiche Version ou une section spécialisée.;Profilage des valeurs réelles et validation métier avant migration automatique.;MOYENNE;Colonne visible dans la base réelle/captures, absente du create_copy.sql simplifié;Normaliser;Captures SSMS de version_application
version_application;traitement_programme;BIT;REMPLACER_ET_ECLATER;traitement_version;est_programme;DEPLACER;Créer une ligne de traitement lorsqu’un traitement planifié existe.;Le traitement possède plusieurs attributs dépendants.;Le champ reste disponible via la fiche Version ou une section spécialisée.;Profilage des valeurs réelles et validation métier avant migration automatique.;MOYENNE;Colonne visible dans la base réelle/captures, absente du create_copy.sql simplifié;Normaliser;Captures SSMS de version_application
version_application;frequence_traitement;NVARCHAR;REMPLACER_ET_ECLATER;traitement_version;frequence;DEPLACER;Normaliser quotidien, mensuel, hebdomadaire, etc.;Attribut du traitement, pas de la version elle-même.;Le champ reste disponible via la fiche Version ou une section spécialisée.;Profilage des valeurs réelles et validation métier avant migration automatique.;MOYENNE;Colonne visible dans la base réelle/captures, absente du create_copy.sql simplifié;Normaliser;Captures SSMS de version_application
version_application;jour_lancement_traitement;NVARCHAR;REMPLACER_ET_ECLATER;traitement_version;planification;DEPLACER;Convertir en expression ou règle de planification contrôlée.;Attribut du traitement.;Le champ reste disponible via la fiche Version ou une section spécialisée.;Profilage des valeurs réelles et validation métier avant migration automatique.;MOYENNE;Colonne visible dans la base réelle/captures, absente du create_copy.sql simplifié;Normaliser;Captures SSMS de version_application
version_application;flux_entrant;BIT;REMPLACER_ET_ECLATER;interface_version;sens;DEPLACER;Créer une interface de sens ENTRANT si confirmée.;Les flux doivent être des lignes extensibles.;Le champ reste disponible via la fiche Version ou une section spécialisée.;Profilage des valeurs réelles et validation métier avant migration automatique.;MOYENNE;Colonne visible dans la base réelle/captures, absente du create_copy.sql simplifié;Normaliser;Captures SSMS de version_application
version_application;flux_sortant;BIT;REMPLACER_ET_ECLATER;interface_version;sens;DEPLACER;Créer une interface de sens SORTANT si confirmée.;Les flux doivent être des lignes extensibles.;Le champ reste disponible via la fiche Version ou une section spécialisée.;Profilage des valeurs réelles et validation métier avant migration automatique.;MOYENNE;Colonne visible dans la base réelle/captures, absente du create_copy.sql simplifié;Normaliser;Captures SSMS de version_application
version_application;sas_bura;BIT;REMPLACER_ET_ECLATER;capacite_version;valeur_booleenne;DEPLACER;Associer la capacité SAS_BURA.;Capacité technique optionnelle.;Le champ reste disponible via la fiche Version ou une section spécialisée.;Profilage des valeurs réelles et validation métier avant migration automatique.;MOYENNE;Colonne visible dans la base réelle/captures, absente du create_copy.sql simplifié;Normaliser;Captures SSMS de version_application
version_application;quai_de_depot;BIT;REMPLACER_ET_ECLATER;capacite_version;valeur_booleenne;DEPLACER;Associer la capacité QUAI_DEPOT.;Capacité technique optionnelle.;Le champ reste disponible via la fiche Version ou une section spécialisée.;Profilage des valeurs réelles et validation métier avant migration automatique.;MOYENNE;Colonne visible dans la base réelle/captures, absente du create_copy.sql simplifié;Normaliser;Captures SSMS de version_application
version_application;sid_v1;BIT;REMPLACER_ET_ECLATER;capacite_version;valeur_booleenne;DEPLACER;Associer la capacité SID_V1.;Capacité technique optionnelle.;Le champ reste disponible via la fiche Version ou une section spécialisée.;Profilage des valeurs réelles et validation métier avant migration automatique.;MOYENNE;Colonne visible dans la base réelle/captures, absente du create_copy.sql simplifié;Normaliser;Captures SSMS de version_application
version_application;sid_v2;BIT;REMPLACER_ET_ECLATER;capacite_version;valeur_booleenne;DEPLACER;Associer la capacité SID_V2.;Capacité technique optionnelle.;Le champ reste disponible via la fiche Version ou une section spécialisée.;Profilage des valeurs réelles et validation métier avant migration automatique.;MOYENNE;Colonne visible dans la base réelle/captures, absente du create_copy.sql simplifié;Normaliser;Captures SSMS de version_application
version_application;sid_v1_v2;BIT;REMPLACER_ET_ECLATER;capacite_version;valeur_booleenne;DEPLACER;Associer la capacité SID_V1_V2 après vérification de redondance.;Capacité technique optionnelle.;Le champ reste disponible via la fiche Version ou une section spécialisée.;Profilage des valeurs réelles et validation métier avant migration automatique.;MOYENNE;Colonne visible dans la base réelle/captures, absente du create_copy.sql simplifié;Normaliser;Captures SSMS de version_application
version_application;mail_auto;BIT;REMPLACER_ET_ECLATER;capacite_version;valeur_booleenne;DEPLACER;Associer MAIL_AUTOMATIQUE.;Capacité technique optionnelle.;Le champ reste disponible via la fiche Version ou une section spécialisée.;Profilage des valeurs réelles et validation métier avant migration automatique.;MOYENNE;Colonne visible dans la base réelle/captures, absente du create_copy.sql simplifié;Normaliser;Captures SSMS de version_application
version_application;envoi_sms;BIT;REMPLACER_ET_ECLATER;capacite_version;valeur_booleenne;DEPLACER;Associer ENVOI_SMS.;Capacité technique optionnelle.;Le champ reste disponible via la fiche Version ou une section spécialisée.;Profilage des valeurs réelles et validation métier avant migration automatique.;MOYENNE;Colonne visible dans la base réelle/captures, absente du create_copy.sql simplifié;Normaliser;Captures SSMS de version_application
version_application;https_compatible;BIT;REMPLACER_ET_ECLATER;capacite_version;valeur_booleenne;DEPLACER;Associer HTTPS_COMPATIBLE.;Capacité technique optionnelle.;Le champ reste disponible via la fiche Version ou une section spécialisée.;Profilage des valeurs réelles et validation métier avant migration automatique.;MOYENNE;Colonne visible dans la base réelle/captures, absente du create_copy.sql simplifié;Normaliser;Captures SSMS de version_application
version_application;autre_dependance;NVARCHAR;REMPLACER_ET_ECLATER;dependance_technique_version;libelle;ANALYSER_ET_DEPLACER;Créer une dépendance technique structurée ou archiver si valeur inexploitable.;Texte libre de dépendance technique.;Le champ reste disponible via la fiche Version ou une section spécialisée.;Profilage des valeurs réelles et validation métier avant migration automatique.;MOYENNE;Colonne visible dans la base réelle/captures, absente du create_copy.sql simplifié;Normaliser;Captures SSMS de version_application
version_application;commentaire_dependance;NVARCHAR;REMPLACER_ET_ECLATER;dependance_technique_version;commentaire;DEPLACER;Rattacher au bon enregistrement de dépendance technique.;Commentaire dépendant d’un autre concept.;Le champ reste disponible via la fiche Version ou une section spécialisée.;Profilage des valeurs réelles et validation métier avant migration automatique.;MOYENNE;Colonne visible dans la base réelle/captures, absente du create_copy.sql simplifié;Normaliser;Captures SSMS de version_application
